CREATE DATABASE  IF NOT EXISTS `swe` /*!40100 DEFAULT CHARACTER SET utf8mb3 */ /*!80016 DEFAULT ENCRYPTION='N' */;
USE `swe`;
-- MySQL dump 10.13  Distrib 8.0.33, for macos13 (arm64)
--
-- Host: localhost    Database: swe
-- ------------------------------------------------------
-- Server version	8.0.33

/*!40101 SET @OLD_CHARACTER_SET_CLIENT=@@CHARACTER_SET_CLIENT */;
/*!40101 SET @OLD_CHARACTER_SET_RESULTS=@@CHARACTER_SET_RESULTS */;
/*!40101 SET @OLD_COLLATION_CONNECTION=@@COLLATION_CONNECTION */;
/*!50503 SET NAMES utf8 */;
/*!40103 SET @OLD_TIME_ZONE=@@TIME_ZONE */;
/*!40103 SET TIME_ZONE='+00:00' */;
/*!40014 SET @OLD_UNIQUE_CHECKS=@@UNIQUE_CHECKS, UNIQUE_CHECKS=0 */;
/*!40014 SET @OLD_FOREIGN_KEY_CHECKS=@@FOREIGN_KEY_CHECKS, FOREIGN_KEY_CHECKS=0 */;
/*!40101 SET @OLD_SQL_MODE=@@SQL_MODE, SQL_MODE='NO_AUTO_VALUE_ON_ZERO' */;
/*!40111 SET @OLD_SQL_NOTES=@@SQL_NOTES, SQL_NOTES=0 */;

--
-- Table structure for table `city`
--

DROP TABLE IF EXISTS `city`;
/*!40101 SET @saved_cs_client     = @@character_set_client */;
/*!50503 SET character_set_client = utf8mb4 */;
CREATE TABLE `city` (
  `city_id` int NOT NULL AUTO_INCREMENT,
  `city_name` varchar(45) NOT NULL,
  `state_id` int NOT NULL,
  PRIMARY KEY (`city_id`),
  KEY `state_id_idx` (`state_id`),
  CONSTRAINT `city_ibfk_1` FOREIGN KEY (`state_id`) REFERENCES `state` (`state_id`)
) ENGINE=InnoDB AUTO_INCREMENT=128 DEFAULT CHARSET=utf8mb3;
/*!40101 SET character_set_client = @saved_cs_client */;

--
-- Dumping data for table `city`
--

LOCK TABLES `city` WRITE;
/*!40000 ALTER TABLE `city` DISABLE KEYS */;
INSERT INTO `city` VALUES (1,'columbus',1),(2,'seattle',2),(3,'charlotte',3),(4,'colorado springs',4),(5,'dayton',1),(6,'greensboro',3),(7,'san francisco',5),(8,'oakland',5),(9,'san antonio',6),(10,'fort worth',6),(11,'dallas',6),(12,'durham',3),(13,'atlanta',7),(14,'cincinnati',1),(15,'austin',6),(16,'raleigh',3),(17,'houston',6),(18,'baltimore',8),(19,'las vegas',9),(20,'tucson',10),(21,'salt lake city',11),(22,'richmond',12),(23,'lexington',13),(24,'denver',4),(25,'santa clara',5),(26,'san jose',5),(27,'portland',14),(28,'vancouver',2),(29,'wichita',15),(30,'phoenix',10),(31,'mesa',10),(32,'santa barbara',5),(33,'los angeles',5),(34,'long beach',5),(35,'boston',16),(36,'orlando',17),(37,'tampa',17),(38,'birmingham',18),(39,'syracuse',19),(40,'washington',20),(41,'sacramento',5),(42,'philadelphia',21),(43,'des moines',22),(44,'omaha',23),(45,'minneapolis',24),(46,'chicago',25),(47,'nashville',26),(48,'oklahoma city',27),(49,'detroit',28),(50,'san diego',5),(51,'pittsburgh',21),(52,'new york',19),(53,'jersey city',29),(54,'milwaukee',30),(55,'indianapolis',31),(56,'fort collins',4),(57,'charleston',32),(58,'kansas city',33),(59,'tulsa',27),(60,'rochester',19),(61,'louisville',13),(62,'albany',19),(63,'buffalo',19),(64,'little rock',34),(65,'boise',35),(66,'ann arbor',28),(67,'akron',1),(68,'jacksonville',17),(69,'albuquerque',36),(70,'spokane',2),(71,'madison',30),(72,'memphis',26),(73,'cleveland',1),(74,'miami',17),(75,'fort lauderdale',17),(76,'eugene',14),(77,'honolulu',37);
/*!40000 ALTER TABLE `city` ENABLE KEYS */;
UNLOCK TABLES;

--
-- Table structure for table `city_econ`
--

DROP TABLE IF EXISTS `city_econ`;
/*!40101 SET @saved_cs_client     = @@character_set_client */;
/*!50503 SET character_set_client = utf8mb4 */;
CREATE TABLE `city_econ` (
  `city_id` int NOT NULL,
  `med_home_p` decimal(8,1) DEFAULT NULL,
  `col_avg` decimal(8,1) DEFAULT NULL,
  `rent_avg` decimal(8,1) DEFAULT NULL,
  `lpp_avg` decimal(8,1) DEFAULT NULL,
  PRIMARY KEY (`city_id`),
  CONSTRAINT `city_econ_ibfk_1` FOREIGN KEY (`city_id`) REFERENCES `city` (`city_id`)
) ENGINE=InnoDB DEFAULT CHARSET=utf8mb3;
/*!40101 SET character_set_client = @saved_cs_client */;

--
-- Dumping data for table `city_econ`
--

LOCK TABLES `city_econ` WRITE;
/*!40000 ALTER TABLE `city_econ` DISABLE KEYS */;
INSERT INTO `city_econ` VALUES (1,192000.0,984.8,1421.5,9335.4),(2,491600.0,1250.7,2528.2,8971.3),(3,208500.0,989.9,1974.5,8939.8),(4,296500.0,1049.2,1594.0,8493.1),(5,124100.0,961.2,1072.1,4887.7),(6,136000.0,992.9,1445.4,5721.9),(7,946700.0,1326.9,4163.3,8216.7),(8,946700.0,1313.0,3371.1,6894.3),(9,194100.0,884.3,1469.5,8494.9),(10,243900.0,995.0,1551.7,6949.2),(11,243900.0,958.7,1926.5,10530.6),(12,243700.0,994.3,1616.2,6464.2),(13,219600.0,1082.3,1865.4,8063.0),(14,169900.0,909.8,58597.6,7723.6),(15,311300.0,939.6,2214.9,9762.4),(16,267200.0,963.6,1589.4,8892.9),(17,205600.0,903.4,1665.8,10673.7),(18,267800.0,1039.3,1600.5,8399.9),(19,279900.0,965.6,1467.2,7702.6),(20,206200.0,909.1,1062.1,5164.1),(21,366000.0,917.7,1625.8,8676.4),(22,229600.0,957.3,1440.7,8079.7),(23,178400.0,889.0,1124.0,6318.6),(24,407900.0,1062.0,2125.8,8020.4),(25,1193600.0,1263.3,3470.9,9589.6),(26,1193600.0,1041.5,3160.3,9711.8),(27,397400.0,1085.5,2031.7,6669.7),(28,397400.0,968.8,1669.2,7780.4),(29,132900.0,832.5,931.6,7357.7),(30,266600.0,980.1,1683.8,8388.2),(31,266600.0,899.5,1266.8,6381.5),(32,602600.0,1342.4,3011.3,5791.6),(33,649500.0,15809.2,2860.0,7782.2),(34,649500.0,987.2,2194.1,6789.4),(35,465000.0,1207.6,3005.1,7140.5),(36,238900.0,962.2,1761.4,7609.5),(37,213800.0,1071.4,1780.6,6064.4),(38,146000.0,1113.7,1082.5,5240.6),(39,135000.0,1024.8,1201.9,4840.1),(40,407700.0,1183.2,2821.2,7517.5),(41,411500.0,1100.4,1941.1,6258.7),(42,232800.0,15809.2,1903.5,7133.7),(43,188800.0,979.6,1153.1,6685.7),(44,177200.0,1064.1,1160.0,6542.6),(45,270700.0,1117.3,1806.7,7076.3),(46,225900.0,1088.8,2198.4,8346.2),(47,255300.0,1040.2,2054.4,6877.7),(48,146700.0,917.6,1222.3,7895.2),(49,162200.0,998.7,1407.3,6790.6),(50,590700.0,1066.3,2640.7,7894.6),(51,143200.0,1163.7,1503.0,7126.9),(52,442500.0,1412.9,3840.0,6170.5),(53,442500.0,1141.5,2419.2,9619.2),(54,232300.0,1011.1,58597.6,6737.6),(55,166800.0,948.6,1387.0,7499.0),(56,383600.0,1027.9,1654.6,6191.5),(57,255100.0,1091.6,1866.6,7482.4),(58,192900.0,933.5,1286.4,7848.9),(59,138200.0,881.0,1110.5,8148.2),(60,146600.0,1011.2,1118.6,6177.9),(61,162300.0,956.7,1238.0,6766.0),(62,217600.0,1010.1,1332.5,8006.2),(63,159300.0,1049.7,1135.1,7673.6),(64,140600.0,837.3,983.0,8087.7),(65,287300.0,964.9,1662.3,5098.7),(66,290500.0,993.0,1842.0,9872.2),(67,141900.0,878.8,879.3,6348.8),(68,214100.0,982.1,1358.2,8904.0),(69,199500.0,896.4,1302.1,7555.2),(70,243200.0,962.3,1347.4,6933.2),(71,257700.0,951.2,1488.0,8153.1),(72,139900.0,880.1,1340.5,6784.5),(73,146500.0,1065.5,1355.1,7732.9),(74,283400.0,1102.1,2494.4,5782.4),(75,283400.0,1086.0,2171.9,6252.0),(76,293900.0,984.0,1448.0,5443.0),(77,678200.0,1464.5,2498.7,5506.6);
/*!40000 ALTER TABLE `city_econ` ENABLE KEYS */;
UNLOCK TABLES;

--
-- Table structure for table `city_jobs`
--

DROP TABLE IF EXISTS `city_jobs`;
/*!40101 SET @saved_cs_client     = @@character_set_client */;
/*!50503 SET character_set_client = utf8mb4 */;
CREATE TABLE `city_jobs` (
  `city_id` int NOT NULL,
  `num_sd_jobs` int DEFAULT NULL,
  PRIMARY KEY (`city_id`),
  CONSTRAINT `city_jobs_ibfk_1` FOREIGN KEY (`city_id`) REFERENCES `city` (`city_id`)
) ENGINE=InnoDB DEFAULT CHARSET=utf8mb3;
/*!40101 SET character_set_client = @saved_cs_client */;

--
-- Dumping data for table `city_jobs`
--

LOCK TABLES `city_jobs` WRITE;
/*!40000 ALTER TABLE `city_jobs` DISABLE KEYS */;
INSERT INTO `city_jobs` VALUES (1,13430),(2,65760),(3,12800),(4,5780),(5,4240),(6,1560),(7,59550),(8,59550),(9,5410),(10,46130),(11,46130),(12,6800),(13,38110),(14,8620),(15,21160),(16,12560),(17,20400),(18,16200),(19,3900),(20,4480),(21,9600),(22,6390),(23,1140),(24,26750),(25,78730),(26,78730),(27,15420),(28,15420),(29,1220),(30,20440),(31,20440),(32,2060),(33,53190),(34,53190),(35,54140),(36,11050),(37,12160),(38,2310),(39,2140),(40,63760),(41,9980),(42,26370),(43,4060),(44,5220),(45,22750),(46,42090),(47,5290),(48,3640),(49,28450),(50,19130),(51,11060),(52,98650),(53,98650),(54,6710),(55,8470),(56,1190),(57,2000),(58,12480),(59,1770),(60,4950),(61,4950),(62,2980),(63,3170),(64,1810),(65,2390),(66,2650),(67,2590),(68,4530),(69,1770),(70,1120),(71,8770),(72,1590),(73,8220),(74,13740),(75,13740),(76,1220),(77,1590);
/*!40000 ALTER TABLE `city_jobs` ENABLE KEYS */;
UNLOCK TABLES;

--
-- Table structure for table `city_salary`
--

DROP TABLE IF EXISTS `city_salary`;
/*!40101 SET @saved_cs_client     = @@character_set_client */;
/*!50503 SET character_set_client = utf8mb4 */;
CREATE TABLE `city_salary` (
  `city_id` int NOT NULL,
  `mean_sd_salary_adj` decimal(8,1) DEFAULT NULL,
  `mean_sd_salary_unadj` decimal(8,1) DEFAULT NULL,
  `mean_salary_adj` decimal(8,1) DEFAULT NULL,
  PRIMARY KEY (`city_id`),
  CONSTRAINT `city_salary_ibfk_1` FOREIGN KEY (`city_id`) REFERENCES `city` (`city_id`)
) ENGINE=InnoDB DEFAULT CHARSET=utf8mb3;
/*!40101 SET character_set_client = @saved_cs_client */;

--
-- Dumping data for table `city_salary`
--

LOCK TABLES `city_salary` WRITE;
/*!40000 ALTER TABLE `city_salary` DISABLE KEYS */;
INSERT INTO `city_salary` VALUES (1,117552.0,108500.0,51260.0),(2,117323.0,131167.0,65400.0),(3,114122.0,107046.0,51000.0),(4,112118.0,111670.0,51430.0),(5,111616.0,99338.0,50100.0),(6,111050.0,99612.0,44570.0),(7,111017.0,142101.0,72400.0),(8,111017.0,142101.0,72400.0),(9,110898.0,104688.0,46650.0),(10,110891.0,111113.0,52590.0),(11,110891.0,111113.0,52590.0),(12,110313.0,105018.0,59940.0),(13,109849.0,106334.0,52750.0),(14,109013.0,98112.0,50030.0),(15,108990.0,109535.0,53810.0),(16,107676.0,103584.0,52580.0),(17,107672.0,109503.0,54290.0),(18,107282.0,115006.0,57740.0),(19,107175.0,104495.0,45600.0),(20,107170.0,101919.0,47610.0),(21,106291.0,105334.0,50920.0),(22,105258.0,101153.0,51330.0),(23,105248.0,95986.0,44900.0),(24,105197.0,111824.0,59440.0),(25,104964.0,137397.0,80480.0),(26,104964.0,137397.0,80480.0),(27,104335.0,106108.0,56160.0),(28,104335.0,106108.0,56160.0),(29,103690.0,92595.0,44500.0),(30,103177.0,100804.0,50520.0),(31,103177.0,100804.0,50520.0),(32,102781.0,112648.0,54890.0),(33,102188.0,119662.0,57890.0),(34,102188.0,119662.0,57890.0),(35,102171.0,114227.0,67370.0),(36,102093.0,100358.0,44930.0),(37,101733.0,100614.0,47750.0),(38,101598.0,90219.0,47480.0),(39,101256.0,98320.0,51400.0),(40,101188.0,119806.0,70980.0),(41,100785.0,102801.0,56430.0),(42,99955.0,105352.0,56170.0),(43,99878.0,93386.0,52220.0),(44,99826.0,92339.0,48690.0),(45,99228.0,101411.0,57420.0),(46,98726.0,102082.0,55670.0),(47,98623.0,93987.0,48370.0),(48,98617.0,90135.0,47120.0),(49,98156.0,94033.0,53690.0),(50,97974.0,113650.0,58090.0),(51,97043.0,91220.0,50070.0),(52,96686.0,118247.0,64550.0),(53,96686.0,118247.0,64550.0),(54,96580.0,92234.0,51040.0),(55,96448.0,88732.0,49380.0),(56,95969.0,98176.0,51050.0),(57,95609.0,91976.0,46200.0),(58,95308.0,88732.0,50200.0),(59,95187.0,86049.0,46170.0),(60,94819.0,93112.0,50830.0),(61,94320.0,85737.0,45740.0),(62,94051.0,94615.0,54400.0),(63,93735.0,88955.0,49420.0),(64,93194.0,84434.0,45020.0),(65,93112.0,87712.0,45470.0),(66,92683.0,94258.0,55130.0),(67,92207.0,83355.0,48910.0),(68,91568.0,87355.0,46920.0),(69,91010.0,87097.0,46860.0),(70,90269.0,85575.0,49200.0),(71,90238.0,87350.0,52890.0),(72,89921.0,81918.0,44610.0),(73,89040.0,80314.0,50470.0),(74,88249.0,95662.0,48240.0),(75,88249.0,95662.0,48240.0),(76,85912.0,84021.0,47320.0),(77,72811.0,90796.0,54870.0);
/*!40000 ALTER TABLE `city_salary` ENABLE KEYS */;
UNLOCK TABLES;

--
-- Table structure for table `city_salary_cleaned`
--

DROP TABLE IF EXISTS `city_salary_cleaned`;
/*!40101 SET @saved_cs_client     = @@character_set_client */;
/*!50503 SET character_set_client = utf8mb4 */;
CREATE TABLE `city_salary_cleaned` (
  `city_id` int DEFAULT NULL,
  `city` text,
  `state` text,
  `mean_sd_salary_adj` int DEFAULT NULL,
  `mean_sd_salary_unadj` int DEFAULT NULL,
  `mean_salary_adj` int DEFAULT NULL,
  `num_sd_jobs` int DEFAULT NULL,
  `med_home_p` int DEFAULT NULL,
  `col_avg` double DEFAULT NULL,
  `rent_avg` double DEFAULT NULL,
  `lpp_avg` double DEFAULT NULL
) ENGINE=InnoDB DEFAULT CHARSET=utf8mb3;
/*!40101 SET character_set_client = @saved_cs_client */;

--
-- Dumping data for table `city_salary_cleaned`
--

LOCK TABLES `city_salary_cleaned` WRITE;
/*!40000 ALTER TABLE `city_salary_cleaned` DISABLE KEYS */;
INSERT INTO `city_salary_cleaned` VALUES (1,'columbus',' oh',117552,108500,51260,13430,192000,984.8,1421.5,9335.4),(2,'seattle',' wa',117323,131167,65400,65760,491600,1250.7,2528.2,8971.3),(3,'charlotte',' nc',114122,107046,51000,12800,208500,989.9,1974.5,8939.8),(4,'colorado springs',' co',112118,111670,51430,5780,296500,1049.2,1594,8493.1),(5,'dayton',' oh',111616,99338,50100,4240,124100,961.2,1072.1,4887.7),(6,'greensboro',' nc',111050,99612,44570,1560,136000,992.9,1445.4,5721.9),(7,'san francisco',' ca',111017,142101,72400,59550,946700,1326.9,4163.3,8216.7),(8,'oakland',' ca',111017,142101,72400,59550,946700,1313,3371.1,6894.3),(9,'san antonio',' tx',110898,104688,46650,5410,194100,884.3,1469.5,8494.9),(10,'fort worth',' tx',110891,111113,52590,46130,243900,995,1551.7,6949.2),(11,'dallas',' tx',110891,111113,52590,46130,243900,958.7,1926.5,10530.6),(12,'durham',' nc',110313,105018,59940,6800,243700,994.3,1616.2,6464.2),(13,'atlanta',' ga',109849,106334,52750,38110,219600,1082.3,1865.4,8063),(14,'cincinnati',' oh',109013,98112,50030,8620,169900,909.8,58597.6,7723.6),(15,'austin',' tx',108990,109535,53810,21160,311300,939.6,2214.9,9762.4),(16,'raleigh',' nc',107676,103584,52580,12560,267200,963.6,1589.4,8892.9),(17,'houston',' tx',107672,109503,54290,20400,205600,903.4,1665.8,10673.7),(18,'baltimore',' md',107282,115006,57740,16200,267800,1039.3,1600.5,8399.9),(19,'las vegas',' nv',107175,104495,45600,3900,279900,965.6,1467.2,7702.6),(20,'tucson',' az',107170,101919,47610,4480,206200,909.1,1062.1,5164.1),(21,'salt lake city',' ut',106291,105334,50920,9600,366000,917.7,1625.8,8676.4),(22,'richmond',' va',105258,101153,51330,6390,229600,957.3,1440.7,8079.7),(23,'lexington',' ky',105248,95986,44900,1140,178400,889,1124,6318.6),(24,'denver',' co',105197,111824,59440,26750,407900,1062,2125.8,8020.4),(25,'santa clara',' ca',104964,137397,80480,78730,1193600,1263.3,3470.9,9589.6),(26,'san jose',' ca',104964,137397,80480,78730,1193600,1041.5,3160.3,9711.8),(27,'portland',' or',104335,106108,56160,15420,397400,1085.5,2031.7,6669.7),(28,'vancouver',' wa',104335,106108,56160,15420,397400,968.8,1669.2,7780.4),(29,'wichita',' ks',103690,92595,44500,1220,132900,832.5,931.6,7357.7),(30,'phoenix',' az',103177,100804,50520,20440,266600,980.1,1683.8,8388.2),(31,'mesa',' az',103177,100804,50520,20440,266600,899.5,1266.8,6381.5),(32,'santa barbara',' ca',102781,112648,54890,2060,602600,1342.4,3011.3,5791.6),(33,'los angeles',' ca',102188,119662,57890,53190,649500,15809.2,2860,7782.2),(34,'long beach',' ca',102188,119662,57890,53190,649500,987.2,2194.1,6789.4),(35,'boston',' ma',102171,114227,67370,54140,465000,1207.6,3005.1,7140.5),(36,'orlando',' fl',102093,100358,44930,11050,238900,962.2,1761.4,7609.5),(37,'tampa',' fl',101733,100614,47750,12160,213800,1071.4,1780.6,6064.4),(38,'birmingham',' al',101598,90219,47480,2310,146000,1113.7,1082.5,5240.6),(39,'syracuse',' ny',101256,98320,51400,2140,135000,1024.8,1201.9,4840.1),(40,'washington',' dc',101188,119806,70980,63760,407700,1183.2,2821.2,7517.5),(41,'sacramento',' ca',100785,102801,56430,9980,411500,1100.4,1941.1,6258.7),(42,'philadelphia',' pa',99955,105352,56170,26370,232800,15809.2,1903.5,7133.7),(43,'des moines',' ia',99878,93386,52220,4060,188800,979.6,1153.1,6685.7),(44,'omaha',' ne',99826,92339,48690,5220,177200,1064.1,1160,6542.6),(45,'minneapolis',' mn',99228,101411,57420,22750,270700,1117.3,1806.7,7076.3),(46,'chicago',' il',98726,102082,55670,42090,225900,1088.8,2198.4,8346.2),(47,'nashville',' tn',98623,93987,48370,5290,255300,1040.2,2054.4,6877.7),(48,'oklahoma city',' ok',98617,90135,47120,3640,146700,917.6,1222.3,7895.2),(49,'detroit',' mi',98156,94033,53690,28450,162200,998.7,1407.3,6790.6),(50,'san diego',' ca',97974,113650,58090,19130,590700,1066.3,2640.7,7894.6),(51,'pittsburgh',' pa',97043,91220,50070,11060,143200,1163.7,1503,7126.9),(52,'new york',' ny',96686,118247,64550,98650,442500,1412.9,3840,6170.5),(53,'jersey city',' nj',96686,118247,64550,98650,442500,1141.5,2419.2,9619.2),(54,'milwaukee',' wi',96580,92234,51040,6710,232300,1011.1,58597.6,6737.6),(55,'indianapolis',' in',96448,88732,49380,8470,166800,948.6,1387,7499),(56,'fort collins',' co',95969,98176,51050,1190,383600,1027.9,1654.6,6191.5),(57,'charleston',' sc',95609,91976,46200,2000,255100,1091.6,1866.6,7482.4),(58,'kansas city',' mo',95308,88732,50200,12480,192900,933.5,1286.4,7848.9),(59,'tulsa',' ok',95187,86049,46170,1770,138200,881,1110.5,8148.2),(60,'rochester',' ny',94819,93112,50830,4950,146600,1011.2,1118.6,6177.9),(61,'louisville',' ky',94320,85737,45740,4950,162300,956.7,1238,6766),(62,'albany',' ny',94051,94615,54400,2980,217600,1010.1,1332.5,8006.2),(63,'buffalo',' ny',93735,88955,49420,3170,159300,1049.7,1135.1,7673.6),(64,'little rock',' ar',93194,84434,45020,1810,140600,837.3,983,8087.7),(65,'boise',' id',93112,87712,45470,2390,287300,964.9,1662.3,5098.7),(66,'ann arbor',' mi',92683,94258,55130,2650,290500,993,1842,9872.2),(67,'akron',' oh',92207,83355,48910,2590,141900,878.8,879.3,6348.8),(68,'jacksonville',' fl',91568,87355,46920,4530,214100,982.1,1358.2,8904),(69,'albuquerque',' nm',91010,87097,46860,1770,199500,896.4,1302.1,7555.2),(70,'spokane',' wa',90269,85575,49200,1120,243200,962.3,1347.4,6933.2),(71,'madison',' wi',90238,87350,52890,8770,257700,951.2,1488,8153.1),(72,'memphis',' tn',89921,81918,44610,1590,139900,880.1,1340.5,6784.5),(73,'cleveland',' oh',89040,80314,50470,8220,146500,1065.5,1355.1,7732.9),(74,'miami',' fl',88249,95662,48240,13740,283400,1102.1,2494.4,5782.4),(75,'fort lauderdale',' fl',88249,95662,48240,13740,283400,1086,2171.9,6252),(76,'eugene',' or',85912,84021,47320,1220,293900,984,1448,5443),(77,'honolulu',' hi',72811,90796,54870,1590,678200,1464.5,2498.7,5506.6);
/*!40000 ALTER TABLE `city_salary_cleaned` ENABLE KEYS */;
UNLOCK TABLES;

--
-- Table structure for table `company_city`
--

DROP TABLE IF EXISTS `company_city`;
/*!40101 SET @saved_cs_client     = @@character_set_client */;
/*!50503 SET character_set_client = utf8mb4 */;
CREATE TABLE `company_city` (
  `c_id` int NOT NULL,
  `city_id` int NOT NULL,
  PRIMARY KEY (`c_id`),
  KEY `city_id_idx` (`city_id`),
  CONSTRAINT `company_city_ibfk_1` FOREIGN KEY (`c_id`) REFERENCES `company_name` (`c_id`),
  CONSTRAINT `company_city_ibfk_2` FOREIGN KEY (`city_id`) REFERENCES `city` (`city_id`)
) ENGINE=InnoDB DEFAULT CHARSET=utf8mb3;
/*!40101 SET character_set_client = @saved_cs_client */;

--
-- Dumping data for table `company_city`
--

LOCK TABLES `company_city` WRITE;
/*!40000 ALTER TABLE `company_city` DISABLE KEYS */;
INSERT INTO `company_city` VALUES (68,1),(125,1),(158,1),(166,1),(219,1),(492,1),(12,2),(130,2),(187,2),(339,2),(427,2),(436,2),(26,3),(120,3),(168,3),(286,3),(229,6),(5,7),(25,7),(156,7),(177,7),(324,7),(355,7),(451,8),(37,9),(102,9),(305,9),(424,9),(67,10),(231,10),(9,11),(79,11),(133,11),(137,11),(205,11),(258,11),(273,11),(349,11),(419,11),(388,12),(23,13),(46,13),(64,13),(71,13),(144,13),(179,13),(241,13),(301,13),(329,13),(351,13),(362,13),(407,13),(435,13),(18,14),(36,14),(109,14),(387,14),(409,14),(481,14),(175,15),(294,15),(34,17),(57,17),(114,17),(121,17),(140,17),(172,17),(200,17),(214,17),(260,17),(284,17),(353,17),(354,17),(360,17),(373,17),(398,17),(400,17),(485,17),(248,19),(296,19),(288,21),(147,22),(170,22),(173,22),(237,22),(327,22),(180,24),(47,25),(264,25),(385,25),(60,26),(263,26),(308,26),(391,29),(108,30),(174,30),(298,30),(160,33),(213,33),(221,33),(277,33),(318,33),(155,34),(75,35),(270,35),(447,35),(383,36),(194,37),(434,38),(20,40),(143,40),(31,42),(191,42),(331,42),(393,42),(226,43),(2,44),(142,44),(196,44),(322,44),(340,44),(38,45),(124,45),(164,45),(238,45),(255,45),(314,45),(24,46),(83,46),(89,46),(106,46),(302,46),(386,46),(389,46),(431,46),(437,46),(63,47),(230,48),(341,48),(8,49),(271,49),(285,49),(118,50),(279,50),(165,51),(182,51),(278,51),(371,51),(21,52),(30,52),(42,52),(54,52),(55,52),(65,52),(76,52),(78,52),(80,52),(86,52),(95,52),(99,52),(101,52),(104,52),(146,52),(167,52),(176,52),(178,52),(181,52),(188,52),(192,52),(209,52),(212,52),(217,52),(223,52),(227,52),(233,52),(252,52),(254,52),(261,52),(265,52),(272,52),(330,52),(333,52),(343,52),(346,52),(359,52),(369,52),(416,52),(426,52),(442,52),(457,52),(473,52),(497,52),(97,54),(145,54),(366,54),(433,54),(440,54),(29,55),(131,55),(475,55),(236,59),(310,59),(365,59),(53,61),(374,61),(420,61),(453,63),(415,64),(482,64),(49,65),(225,65),(183,67),(195,67),(256,68),(292,68),(299,68),(313,71),(446,71),(58,72),(132,72),(269,72),(235,73),(250,73),(477,73),(103,74),(259,74),(392,74),(128,75);
/*!40000 ALTER TABLE `company_city` ENABLE KEYS */;
UNLOCK TABLES;

--
-- Table structure for table `company_employee`
--

DROP TABLE IF EXISTS `company_employee`;
/*!40101 SET @saved_cs_client     = @@character_set_client */;
/*!50503 SET character_set_client = utf8mb4 */;
CREATE TABLE `company_employee` (
  `c_id` int NOT NULL,
  `num_employees` int DEFAULT NULL,
  PRIMARY KEY (`c_id`),
  CONSTRAINT `company_employee_ibfk_1` FOREIGN KEY (`c_id`) REFERENCES `company_name` (`c_id`)
) ENGINE=InnoDB DEFAULT CHARSET=utf8mb3;
/*!40101 SET character_set_client = @saved_cs_client */;

--
-- Dumping data for table `company_employee`
--

LOCK TABLES `company_employee` WRITE;
/*!40000 ALTER TABLE `company_employee` DISABLE KEYS */;
INSERT INTO `company_employee` VALUES (1,2300000),(2,367700),(3,116000),(4,72700),(5,68000),(6,230000),(7,204000),(8,225000),(9,268540),(10,201000),(11,18500),(12,341400),(13,295000),(14,160900),(15,37300),(16,172000),(17,300000),(18,443000),(19,55200),(20,7000),(21,243355),(22,25600),(23,406000),(24,150540),(25,269100),(26,208024),(27,72053),(28,114000),(29,53000),(30,219000),(31,159000),(32,414400),(33,68234),(34,14800),(35,126400),(36,105000),(37,9996),(38,323000),(39,5982),(40,240000),(41,138000),(42,58000),(43,49500),(44,264000),(45,31800),(46,335520),(47,106000),(48,49739),(49,274000),(50,201600),(51,44460),(52,195000),(53,51600),(54,96500),(55,56400),(56,97000),(57,51900),(58,335767),(59,195000),(60,73700),(61,49000),(62,56000),(63,210500),(64,100300),(65,11320),(66,30500),(67,122300),(68,34320),(69,68000),(70,41000),(71,83756),(72,125000),(73,131000),(74,95400),(75,50000),(76,55311),(77,11737),(78,34400),(79,30992),(80,12997),(81,136000),(82,114000),(83,88000),(84,43275),(85,191000),(86,56400),(87,235000),(88,70700),(89,34396),(90,98800),(91,70580),(92,9000),(93,12157),(94,91584),(95,25000),(96,91500),(97,5646),(98,17048),(99,30900),(100,47300),(101,21500),(102,29943),(103,5000),(104,79500),(105,56767),(106,41000),(107,9500),(108,17700),(109,148300),(110,30000),(111,375000),(112,46000),(113,67000),(114,13300),(115,63000),(116,6308),(117,18700),(118,30500),(119,31721),(120,28798),(121,6800),(122,19200),(123,25000),(124,71191),(125,10212),(126,140000),(127,121000),(128,26000),(129,108000),(130,254000),(131,41975),(132,55000),(133,116475),(134,75000),(135,116050),(136,93000),(137,53536),(138,103500),(139,61503),(140,5100),(141,24000),(142,42919),(143,62000),(144,32015),(145,28000),(146,25000),(147,8300),(148,61551),(149,85000),(150,148400),(151,138000),(152,16900),(153,54800),(154,42000),(155,21000),(156,24000),(157,38000),(158,55400),(159,40000),(160,87000),(161,133600),(162,226500),(163,23000),(164,39000),(165,50683),(166,17634),(167,90980),(168,23900),(169,14700),(170,13000),(171,3165),(172,50000),(173,22429),(174,30000),(175,73515),(176,52000),(177,135000),(178,78500),(179,40000),(180,70300),(181,36700),(182,47000),(183,66000),(184,15000),(185,16000),(186,14200),(187,72500),(188,1464),(189,39000),(190,87000),(191,217250),(192,18410),(193,19000),(194,7400),(195,15707),(196,20900),(197,110000),(198,8516),(199,36000),(200,41200),(201,50000),(202,38000),(203,22450),(204,260200),(205,29865),(206,9057),(207,53400),(208,10000),(209,60000),(210,47565),(211,14125),(212,15800),(213,75000),(214,11121),(215,37369),(216,72878),(217,8876),(218,78600),(219,59100),(220,106000),(221,13309),(222,5525),(223,9650),(224,50928),(225,31400),(226,14854),(227,41500),(228,8763),(229,69000),(230,3545),(231,6976),(232,62000),(233,14960),(234,12390),(235,42550),(236,3200),(237,16200),(238,13195),(239,57000),(240,169000),(241,24000),(242,21000),(243,64000),(244,37500),(245,2371),(246,7688),(247,7400),(248,49000),(249,54023),(250,48950),(251,33000),(252,46000),(253,7132),(254,13000),(255,11476),(256,26628),(257,9400),(258,49350),(259,8335),(260,13500),(261,13000),(262,13513),(263,18100),(264,16150),(265,6700),(266,11900),(267,18500),(268,21080),(269,66780),(270,33783),(271,10000),(272,38000),(273,2676),(274,26498),(275,70863),(276,15549),(277,11000),(278,29800),(279,16575),(280,48000),(281,25000),(282,65900),(283,27856),(284,33000),(285,7600),(286,9800),(287,7900),(288,15000),(289,52000),(290,6600),(291,57500),(292,55219),(293,18450),(294,21100),(295,36000),(296,66500),(297,40700),(298,33000),(299,55000),(300,3628),(301,24375),(302,42500),(303,27000),(304,18450),(305,12380),(306,13065),(307,14000),(308,12600),(309,37800),(310,2384),(311,28332),(312,3850),(313,10471),(314,3282),(315,20075),(316,11170),(317,25600),(318,14500),(319,41750),(320,31000),(321,58397),(322,20000),(323,9554),(324,25000),(325,27000),(326,12438),(327,3400),(328,11500),(329,8700),(330,24000),(331,23992),(332,1770),(333,26650),(334,12600),(335,11300),(336,8700),(337,16500),(338,27550),(339,10400),(340,5732),(341,3300),(342,4500),(343,49800),(344,6910),(345,7695),(346,32965),(347,7134),(348,11500),(349,17000),(350,18500),(351,4623),(352,7608),(353,28100),(354,2650),(355,16200),(356,7762),(357,8900),(358,31000),(359,14700),(360,7727),(361,21000),(362,14000),(363,12689),(364,43000),(365,5604),(366,8074),(367,17140),(368,19795),(369,20500),(370,26000),(371,9000),(372,47000),(373,36384),(374,76650),(375,8700),(376,17000),(377,59000),(378,37000),(379,32000),(380,4988),(381,30025),(382,41000),(383,150942),(384,26000),(385,10299),(386,44360),(387,17844),(388,50000),(389,77300),(390,29000),(391,14400),(392,34500),(393,83000),(394,19500),(395,23000),(396,4737),(397,420000),(398,2372),(399,27000),(400,1970),(401,15986),(402,43000),(403,9059),(404,9500),(405,22190),(406,9000),(407,33500),(408,7900),(409,7600),(410,7000),(411,21000),(412,40178),(413,3055),(414,20000),(415,30800),(416,16021),(417,7750),(418,8500),(419,14000),(420,90000),(421,24724),(422,62000),(423,13800),(424,18700),(425,16027),(426,3420),(427,16000),(428,25000),(429,8629),(430,67800),(431,14000),(432,18000),(433,6000),(434,22166),(435,5631),(436,19112),(437,8500),(438,7500),(439,8500),(440,22000),(441,15706),(442,26400),(443,18100),(444,4900),(445,24900),(446,11800),(447,4507),(448,14000),(449,17600),(450,12500),(451,8000),(452,82000),(453,16487),(454,11000),(455,13105),(456,16000),(457,20000),(458,10900),(459,37800),(460,24790),(461,40000),(462,19531),(463,11000),(464,7000),(465,6400),(466,12030),(467,11900),(468,20259),(469,23000),(470,220000),(471,5930),(472,32000),(473,8000),(474,4754),(475,4050),(476,10700),(477,15700),(478,1326),(479,22600),(480,7000),(481,2178),(482,11870),(483,11781),(484,6600),(485,3727),(486,17000),(487,7500),(488,3626),(489,19000),(490,16400),(491,20000),(492,23150),(493,31000),(494,4200),(495,8500),(496,4431),(497,110000);
/*!40000 ALTER TABLE `company_employee` ENABLE KEYS */;
UNLOCK TABLES;

--
-- Table structure for table `company_finance`
--

DROP TABLE IF EXISTS `company_finance`;
/*!40101 SET @saved_cs_client     = @@character_set_client */;
/*!50503 SET character_set_client = utf8mb4 */;
CREATE TABLE `company_finance` (
  `c_id` int NOT NULL,
  `revenues` int DEFAULT NULL,
  `r_change` decimal(4,3) DEFAULT NULL,
  `profits` decimal(10,1) DEFAULT NULL,
  `p_change` decimal(4,3) DEFAULT NULL,
  `assets` int DEFAULT NULL,
  `m_value` int DEFAULT NULL,
  PRIMARY KEY (`c_id`),
  CONSTRAINT `company_finance_ibfk_1` FOREIGN KEY (`c_id`) REFERENCES `company_name` (`c_id`)
) ENGINE=InnoDB DEFAULT CHARSET=utf8mb3;
/*!40101 SET character_set_client = @saved_cs_client */;

--
-- Dumping data for table `company_finance`
--

LOCK TABLES `company_finance` WRITE;
/*!40000 ALTER TABLE `company_finance` DISABLE KEYS */;
INSERT INTO `company_finance` VALUES (1,485873,0.008,13643.0,-0.072,198825,218619),(2,223604,0.061,24074.0,0.000,620854,411035),(3,215639,-0.077,45687.0,-0.144,321686,753718),(4,205004,-0.167,7840.0,-0.515,330314,340056),(5,192487,0.062,2258.0,0.530,56563,31439),(6,184840,0.177,7017.0,0.207,122810,157793),(7,177526,0.158,5317.0,0.015,94462,81310),(8,166380,0.092,9427.0,-0.027,221690,52968),(9,163786,0.116,12976.0,-0.028,403821,255679),(10,151800,0.015,4596.0,-0.377,237951,46349),(11,146850,0.080,1428.0,NULL,33656,19229),(12,135987,0.271,2371.0,2.978,83402,423031),(13,126661,-0.098,8831.0,NULL,365183,259520),(14,125980,-0.043,13127.0,-0.266,244180,198900),(15,121546,0.185,1427.0,0.174,34122,25725),(16,118719,0.022,2350.0,-0.011,33163,73606),(17,117351,0.134,4173.0,-0.011,72688,89645),(18,115337,0.050,1975.0,-0.031,36505,26961),(19,107567,-0.180,-497.0,-1.108,260078,203263),(20,107162,-0.029,12313.0,0.124,3287968,3011),(21,105486,0.044,24733.0,0.012,2490972,313761),(22,100288,-0.014,3404.0,0.375,51745,39567),(23,94595,0.069,7957.0,0.135,42966,176368),(24,94571,-0.016,4895.0,-0.054,89997,107546),(25,94176,0.046,21938.0,-0.042,1930115,278516),(26,93662,0.007,17906.0,0.127,2187702,236182),(27,90272,0.204,19478.0,0.191,167497,579426),(28,85320,-0.088,16798.0,0.378,193694,508935),(29,84863,0.072,2470.0,-0.035,65083,43813),(30,82386,-0.067,14912.0,-0.135,1792077,165394),(31,80403,0.079,8695.0,0.065,180500,178258),(32,79919,-0.031,11872.0,-0.100,117470,164251),(33,76132,0.006,350.0,-0.944,256030,NULL),(34,72396,-0.169,1555.0,-0.632,51653,40954),(35,71890,0.026,16540.0,0.073,141208,337642),(36,71726,-0.089,10508.0,0.493,127136,229700),(37,70166,-0.142,2289.0,-0.426,46173,29746),(38,69495,-0.058,2737.0,-0.186,37431,30502),(39,65665,0.034,7815.0,0.226,2023376,1612),(40,65017,0.101,3093.0,0.215,34408,70481),(41,64806,0.181,-1672.0,NULL,118206,NULL),(42,63476,-0.093,800.0,-0.849,898764,57429),(43,63155,0.047,2271.0,-0.050,69146,44859),(44,62799,-0.004,6329.0,0.161,74129,159763),(45,62346,-0.079,1279.0,-0.308,39769,26274),(46,60906,0.044,3431.0,-0.292,40377,93276),(47,59387,0.073,10316.0,-0.097,113327,170539),(48,58779,0.029,4368.0,-0.226,783962,45912),(49,58734,1.159,-502.0,NULL,23770,NULL),(50,57244,-0.062,5055.0,-0.336,89706,89957),(51,55858,-0.135,1174.0,-0.588,44413,26679),(52,55632,0.060,9391.0,0.120,92033,179298),(53,54379,0.002,614.0,-0.519,25396,29743),(54,52824,0.081,7215.0,0.037,171615,203725),(55,52367,-0.102,-849.0,-1.387,498264,61154),(56,50658,0.098,5302.0,0.471,47806,77557),(57,50367,0.035,950.0,0.383,16722,28048),(58,50365,0.061,1820.0,0.733,46064,52178),(59,50123,NULL,3161.0,NULL,79679,39288),(60,49247,0.002,10739.0,0.196,121652,169266),(61,48238,-0.533,2496.0,-0.452,29010,30231),(62,48158,-0.013,4318.0,-0.438,79511,77460),(63,44747,0.027,2890.0,0.357,33758,32966),(64,41863,-0.055,6527.0,-0.112,87270,182153),(65,40787,-0.111,1088.0,3.241,287196,NULL),(66,40721,0.786,562.0,0.583,20197,12271),(67,40180,-0.020,2676.0,-0.648,51274,21326),(68,40074,-0.004,334.0,-0.424,197790,NULL),(69,39807,0.008,3920.0,-0.118,95377,174454),(70,39668,0.047,1867.0,-0.108,59360,37604),(71,39639,-0.026,4373.0,-0.034,51261,33586),(72,39403,-0.009,1228.0,0.369,13856,15193),(73,39302,0.019,4809.0,0.009,54146,94991),(74,38537,-0.180,-67.0,-1.032,74704,54402),(75,38308,-0.029,1006.0,0.957,125592,NULL),(76,37949,0.001,5979.0,-0.024,814949,79947),(77,37788,-0.012,1274.0,-0.106,271040,NULL),(78,37712,-0.038,7398.0,0.216,860165,91380),(79,37504,-0.110,995.0,-0.163,79011,21292),(80,37105,0.055,1492.0,0.229,523194,NULL),(81,37047,-0.031,8901.0,-0.104,112180,183556),(82,36881,-0.109,1768.0,0.449,22373,22028),(83,36556,-0.035,2263.0,-0.692,40140,22225),(84,36534,0.025,1877.0,-0.135,108610,29754),(85,34274,0.051,2026.0,0.031,17464,NULL),(86,33823,-0.018,5408.0,0.047,158893,71193),(87,33184,0.072,2298.0,0.009,12884,51053),(88,32376,0.058,3760.0,0.149,21396,92204),(89,31360,0.065,1134.0,-0.500,114904,33309),(90,31353,-0.004,2955.0,-0.003,32872,56791),(91,30737,0.159,166.0,-0.922,11277,4473),(92,30390,-0.069,13501.0,-0.254,56977,88788),(93,30347,-0.122,424.0,-0.457,17318,NULL),(94,30109,-0.005,5050.0,0.045,32906,114338),(95,29318,0.043,3926.0,0.024,65966,75660),(96,29003,1.973,3522.0,NULL,149067,100595),(97,28799,0.024,818.0,0.004,250441,NULL),(98,27638,0.542,10217.0,1.770,64961,410522),(99,27625,0.031,3014.0,-0.124,100245,33689),(100,27519,0.096,3751.0,-0.074,357033,41831),(101,27326,-0.057,2755.0,-0.668,48365,59949),(102,27131,0.114,1779.0,-0.217,147290,NULL),(103,27016,-0.111,127.0,-0.275,5413,2535),(104,26685,-0.004,6967.0,0.014,36851,175349),(105,26644,-0.077,1524.0,-0.214,57981,34648),(106,26487,0.444,3632.0,4.729,120480,110528),(107,26235,-0.005,195.0,-0.266,7932,3569),(108,26219,-0.061,507.0,-0.114,11240,5898),(109,25778,-0.048,619.0,-0.423,19851,9046),(110,25638,0.122,5953.0,0.157,66099,103838),(111,24622,-0.031,4687.0,0.035,31024,106150),(112,24594,-0.120,2513.0,0.287,39964,69451),(113,24508,0.042,2200.0,0.106,25614,41577),(114,24360,-0.213,-3615.0,NULL,89772,61692),(115,24069,0.035,2211.0,0.066,30052,44664),(116,24005,-0.147,734.0,-0.523,20398,9515),(117,23825,0.023,523.0,0.050,14206,6546),(118,23554,-0.068,5705.0,0.082,52359,84694),(119,23441,0.124,1031.0,-0.187,33428,22760),(120,23369,-0.010,2152.0,-0.236,132761,57397),(121,23022,-0.148,2513.0,-0.003,52194,58522),(122,22991,0.061,7722.0,0.113,77626,120830),(123,22919,-0.009,210.0,0.252,8945,6207),(124,22744,0.058,5888.0,0.002,445964,87201),(125,22559,0.081,2659.0,0.050,129819,29053),(126,22138,-0.120,-2221.0,NULL,9362,1231),(127,21987,0.079,1251.0,0.074,11672,19182),(128,21609,0.036,431.0,-0.027,10060,4268),(129,21374,-0.058,-1721.0,NULL,21944,1010),(130,21316,0.112,2818.0,0.022,14330,85092),(131,21222,0.063,2738.0,0.137,38806,92803),(132,21079,-0.058,904.0,-0.036,33345,20884),(133,21070,0.048,-192.0,NULL,24701,1777),(134,20853,0.009,1400.0,-0.683,52666,76740),(135,20719,0.337,896.0,2.174,15702,18540),(136,20718,-0.008,888.0,0.134,19153,12762),(137,20425,0.031,2244.0,0.029,23286,33076),(138,20268,-0.091,1635.0,-0.397,21743,38614),(139,20217,-0.040,-1497.0,-4.948,8271,5723),(140,20182,-0.128,94.0,-0.203,26103,9127),(141,20143,0.040,343.0,0.052,8861,4001),(142,19941,-0.086,4233.0,-0.113,55718,85911),(143,19912,-0.048,2554.0,-0.239,45295,59359),(144,19896,0.138,2448.0,0.034,109697,49335),(145,19654,0.017,444.0,0.058,7574,6938),(146,19427,0.173,4457.0,1.848,33707,89591),(147,19337,0.026,14239.0,1.717,45932,138513),(148,19037,0.051,281.0,-0.318,9216,7353),(149,18686,-0.027,556.0,-0.174,13574,6862),(150,18558,0.019,975.0,0.308,9901,9726),(151,18353,0.025,254.0,-0.105,10323,5270),(152,18300,-0.004,896.0,-0.467,223432,17795),(153,18274,0.077,2022.0,0.023,45908,59964),(154,18202,-0.021,2166.0,1.138,14602,46828),(155,17782,0.254,52.0,-0.636,7449,2601),(156,17666,0.049,1393.0,0.594,68598,33696),(157,17529,-0.016,178.0,-0.073,4370,1033),(158,17509,-0.084,1394.0,-0.004,15011,25397),(159,17470,-0.024,626.0,-0.287,47017,12883),(160,17411,-0.032,96.0,NULL,13727,5528),(161,17126,-0.082,-477.0,-2.006,18145,7462),(162,17072,0.179,780.0,-0.092,24140,36124),(163,17033,-0.109,522.0,-0.675,20639,23604),(164,16563,-0.061,1697.0,0.390,21712,33998),(165,16423,0.009,3903.0,-0.049,366380,58455),(166,16380,-0.031,611.0,-0.702,63468,33009),(167,16348,0.070,-1128.0,NULL,33335,7989),(168,16208,-0.014,796.0,1.226,15224,19051),(169,16155,-0.076,2912.0,0.058,89993,60099),(170,16105,0.055,68.0,0.209,3455,2464),(171,15920,0.213,171.0,0.167,7622,2431),(172,15887,-0.328,-5763.0,NULL,27000,42662),(173,15833,0.064,623.0,0.044,14482,11081),(174,15789,-0.006,-4154.0,NULL,37317,19310),(175,15724,0.022,507.0,-0.054,6341,9468),(176,15683,0.010,3547.0,0.123,333469,48913),(177,15516,-0.018,676.0,-0.265,7610,9712),(178,15417,0.019,1149.0,0.050,23165,20219),(179,15340,0.004,687.0,-0.026,8859,13712),(180,15197,0.069,880.0,2.262,18741,13227),(181,15195,-0.052,2441.0,0.764,12123,64715),(182,15178,-0.010,877.0,-0.376,15769,26970),(183,15158,-0.078,1264.0,3.117,16511,9070),(184,15122,0.110,2251.0,0.017,90207,27810),(185,15095,0.002,1450.0,0.941,28092,29547),(186,15082,0.087,5991.0,-0.053,64035,206242),(187,14757,0.022,354.0,-0.410,7858,7770),(188,14755,-0.575,55.0,-0.018,5951,708),(189,14706,0.292,-396.0,-1.782,23038,13029),(190,14619,0.918,69.0,NULL,11698,5338),(191,14416,0.006,288.0,0.220,10582,9081),(192,14386,0.036,1261.0,-0.108,24238,28405),(193,14287,-0.045,-1130.0,-4.693,36119,7371),(194,14237,0.025,242.0,1.041,6153,6212),(195,14156,-0.031,-6177.0,NULL,43148,14118),(196,14134,-0.108,-677.0,NULL,13391,17557),(197,14062,0.054,235.0,0.127,5223,4469),(198,13982,0.076,424.0,0.053,6948,9197),(199,13788,0.027,962.0,0.380,15358,12851),(200,13609,0.050,1182.0,0.570,20859,32216),(201,13599,0.014,2035.0,0.072,15201,45791),(202,13585,-0.062,529.0,NULL,5540,2402),(203,13502,-0.100,1336.0,-0.423,19736,49644),(204,13487,0.086,1553.0,-0.043,14262,36226),(205,13370,0.028,3595.0,0.204,16431,80531),(206,13330,-0.018,1192.0,0.033,261627,14760),(207,13264,1.221,528.0,0.508,33838,22787),(208,13233,0.006,245.0,-0.204,8305,NULL),(209,13211,0.025,1768.0,0.106,18190,38078),(210,13153,-0.029,1230.0,0.227,18330,36356),(211,13144,-0.025,513.0,0.007,3688,10958),(212,13105,-0.023,654.0,1.515,76594,15747),(213,13072,0.204,572.0,0.045,10780,11753),(214,13058,-0.093,708.0,1.798,80305,48533),(215,13014,-0.038,694.0,0.130,15111,25417),(216,12994,-0.108,242.0,-0.835,32862,23775),(217,12919,0.023,264.0,-0.357,70339,NULL),(218,12867,0.078,1118.0,0.095,5309,25814),(219,12574,0.035,1158.0,-0.076,8170,13426),(220,12547,-0.006,1.0,NULL,9314,1901),(221,12513,-0.009,-148.0,NULL,16057,NULL),(222,12503,0.171,6073.0,0.867,51095,89862),(223,12488,-0.059,1438.0,-0.252,22508,18503),(224,12483,0.214,976.0,0.404,25586,39041),(225,12399,-0.234,-276.0,-1.095,27540,31972),(226,12394,0.036,1317.0,0.067,228014,18143),(227,12394,-0.450,-941.0,NULL,20038,11604),(228,12351,-0.158,-774.0,NULL,30355,5911),(229,12207,-0.014,1074.0,-0.128,9739,22786),(230,12197,-0.072,-3302.0,NULL,25913,21886),(231,12157,0.123,886.0,0.181,11559,12438),(232,12104,0.019,842.0,-0.121,6499,5931),(233,12075,-0.038,1245.0,0.044,48255,23708),(234,11869,0.030,1311.0,0.285,51319,25938),(235,11856,0.046,1133.0,0.075,6753,28891),(236,11742,-0.301,-199.0,-6.332,5560,2686),(237,11737,0.005,2123.0,0.118,71610,48732),(238,11735,-0.038,1314.0,-0.159,139821,19953),(239,11668,0.017,1493.0,0.028,43670,45963),(240,11663,0.035,348.0,-0.752,26211,19276),(241,11584,0.012,420.0,NULL,40292,14224),(242,11572,0.089,507.0,0.058,6730,13461),(243,11540,-0.022,-36.0,NULL,6908,NULL),(244,11538,0.115,2426.0,0.164,219276,36141),(245,11522,0.106,701.0,0.397,53098,8169),(246,11507,0.299,54.0,0.052,1497,1445),(247,11449,0.064,3703.0,0.044,22877,59046),(248,11410,-0.024,1670.0,-0.151,20469,45313),(249,11407,0.017,965.0,0.092,15635,20280),(250,11361,-0.106,807.0,-0.203,12057,21370),(251,11325,0.139,1647.0,0.145,20435,49115),(252,11262,0.045,1115.0,0.024,9223,31068),(253,11229,0.213,1999.0,0.248,28086,96802),(254,11155,-0.022,3172.0,-0.052,220177,62225),(255,11107,0.007,1123.0,0.141,41155,22546),(256,11069,-0.063,1714.0,-0.129,35414,43126),(257,11047,0.029,931.0,0.074,61942,10749),(258,10964,-0.095,211.0,-0.305,7360,6693),(259,10950,0.156,912.0,0.136,15362,12002),(260,10888,0.024,147.0,0.565,4462,1584),(261,10875,-0.069,130.0,-0.542,45071,9355),(262,10846,-0.058,-584.0,NULL,45904,13685),(263,10842,0.172,1401.0,0.141,33103,51650),(264,10825,0.121,1721.0,0.250,14588,42005),(265,10782,-0.049,-428.0,-2.048,214235,7191),(266,10776,0.115,4059.0,0.066,18675,121234),(267,10743,0.165,2135.0,-0.163,19839,87522),(268,10647,0.066,1235.0,0.421,20355,9101),(269,10636,0.044,1241.0,0.070,8600,20540),(270,10635,-0.012,2143.0,0.082,242698,30406),(271,10630,0.028,868.0,0.194,32041,18317),(272,10597,-0.083,710.0,NULL,11865,12859),(273,10536,-0.204,-261.0,-1.352,9436,5048),(274,10534,-0.022,1500.0,-0.030,19332,33834),(275,10508,0.074,702.0,0.032,10318,12022),(276,10497,0.049,2393.0,0.042,92308,26255),(277,10398,-0.181,-574.0,NULL,43109,48444),(278,10261,-0.113,-440.0,NULL,9160,5893),(279,10183,-0.005,1370.0,0.016,47786,27692),(280,10163,0.020,4965.0,4.129,15546,28106),(281,10137,0.016,606.0,-0.212,5694,13668),(282,10074,0.099,567.0,0.241,8234,9032),(283,9888,-0.059,1668.0,0.072,34892,32515),(284,9841,-0.375,-2738.0,NULL,19034,25444),(285,9835,0.031,1067.0,-0.172,163728,9437),(286,9732,0.011,93.0,0.080,3639,900),(287,9723,-0.005,109.0,0.052,2718,2114),(288,9657,-0.062,326.0,2.505,9189,5880),(289,9642,0.111,732.0,0.676,14247,14696),(290,9633,-0.115,222.0,0.256,2089,2706),(291,9568,-0.017,460.0,-0.029,8315,10944),(292,9554,0.046,650.0,0.233,14463,10600),(293,9524,-0.037,631.0,-0.506,18055,29438),(294,9523,0.028,890.0,0.297,6370,18316),(295,9480,-0.100,-491.0,-2.799,19155,1456),(296,9455,0.029,1101.0,NULL,28173,15733),(297,9390,0.031,3695.0,1.760,27899,25030),(298,9388,0.030,613.0,-0.183,20630,21312),(299,9241,0.401,568.0,-0.101,26031,26178),(300,9169,0.061,824.0,0.247,143298,NULL),(301,9161,0.074,1878.0,-0.028,204875,27175),(302,9082,0.263,464.0,0.096,8303,9021),(303,9071,0.131,119.0,-0.806,8835,8895),(304,9061,0.133,263.0,-0.064,16173,13000),(305,9061,-0.046,324.0,1.174,4360,3645),(306,9061,-0.130,887.0,-0.472,40070,22451),(307,9008,-0.066,854.0,0.007,15457,11783),(308,8979,-0.054,7266.0,3.212,23847,36232),(309,8959,0.110,930.0,0.512,10231,17025),(310,8921,0.149,352.0,0.437,16139,11684),(311,8896,0.595,-373.0,NULL,29013,2521),(312,8831,0.303,187.0,0.522,13587,63619),(313,8829,0.066,326.0,-0.531,22662,NULL),(314,8777,-0.001,588.0,-0.236,88561,NULL),(315,8774,0.315,282.0,-0.631,15778,18901),(316,8678,0.103,197.0,0.077,3844,2156),(317,8659,0.018,163.0,-0.479,17643,2528),(318,8613,-0.079,304.0,-0.023,7411,5830),(319,8608,-0.081,353.0,-0.123,4976,2282),(320,8599,0.048,363.0,0.470,4342,3390),(321,8593,0.079,1038.0,0.114,7204,24730),(322,8573,-0.047,396.0,0.578,6179,NULL),(323,8470,0.035,126.0,-0.093,2852,2187),(324,8392,0.259,180.0,NULL,17585,58362),(325,8386,0.122,347.0,NULL,18096,34046),(326,8379,0.084,-627.0,-3.850,21031,17518),(327,8369,-0.095,-277.0,NULL,104658,2056),(328,8355,0.153,3.0,NULL,6764,6219),(329,8327,-0.045,21.0,-0.213,2484,813),(330,8319,-0.036,179.0,NULL,15483,7559),(331,8284,-0.055,496.0,0.262,9599,7367),(332,8240,-0.201,-199.0,-5.578,2564,663),(333,8203,0.023,549.0,-0.041,11068,8092),(334,8172,-0.007,677.0,-0.803,24888,20638),(335,8111,-0.200,-97.0,NULL,5653,2416),(336,8074,-0.101,-68.0,-5.145,5390,4293),(337,7961,-0.015,563.0,-0.185,7837,17423),(338,7922,0.090,287.0,-0.130,4058,5489),(339,7902,0.116,1027.0,1.030,19243,25451),(340,7899,0.092,357.0,0.071,38465,NULL),(341,7872,-0.383,-4401.0,NULL,13028,5394),(342,7869,-0.095,-3071.0,NULL,45564,34640),(343,7847,0.031,609.0,0.339,12485,9648),(344,7811,0.372,689.0,0.997,15984,15263),(345,7777,0.024,382.0,NULL,6424,8425),(346,7766,0.048,664.0,0.227,3840,9818),(347,7743,-0.209,125.0,-0.693,5560,3812),(348,7735,0.011,57.0,-0.094,1930,1313),(349,7710,-0.051,120.0,NULL,2606,1786),(350,7684,0.281,306.0,1.081,26684,24571),(351,7669,0.282,603.0,0.220,10178,7466),(352,7654,0.062,602.0,0.195,23365,8561),(353,7651,0.002,198.0,-0.362,5354,5386),(354,7651,-0.126,-1097.0,NULL,29459,56302),(355,7644,0.176,1889.0,0.305,223383,54555),(356,7639,-0.040,942.0,0.073,32053,18627),(357,7625,0.156,121.0,-0.056,4094,2626),(358,7552,0.123,182.0,0.056,3894,3756),(359,7532,-0.271,565.0,2.994,29709,5298),(360,7528,0.019,432.0,NULL,21829,11882),(361,7527,0.481,324.0,-0.030,11996,13849),(362,7524,-0.143,196.0,-0.867,5707,8296),(363,7517,-0.020,1902.0,1.789,38315,25448),(364,7515,0.003,645.0,-0.090,10100,13501),(365,7499,0.019,-424.0,NULL,46835,24436),(366,7472,0.261,939.0,0.471,30123,19134),(367,7440,0.007,720.0,0.404,5524,23236),(368,7411,-0.008,160.0,-0.399,7168,4783),(369,7405,-0.028,396.0,-0.436,6213,6710),(370,7357,-0.069,491.0,0.383,5137,10888),(371,7336,-0.024,102.0,-0.518,4491,3389),(372,7274,0.209,122.0,-0.330,6319,2616),(373,7251,-0.509,-2412.0,NULL,21140,15183),(374,7227,0.018,-664.0,NULL,6113,711),(375,7163,-0.195,298.0,-0.702,16841,10242),(376,7138,0.108,516.0,-0.135,25514,13925),(377,7106,-0.417,251.0,NULL,7736,9746),(378,7068,0.007,573.0,0.418,6352,9265),(379,7043,0.385,244.0,-0.039,9132,7696),(380,7016,0.057,742.0,0.107,18417,NULL),(381,7000,0.730,-675.0,NULL,22664,45390),(382,6995,0.456,-12.0,NULL,5506,830),(383,6934,-0.032,375.0,-0.471,4583,10389),(384,6912,0.123,362.0,0.056,6054,NULL),(385,6910,0.379,1666.0,1.713,9841,64160),(386,6896,-0.387,-496.0,-4.282,4285,846),(387,6889,-0.020,1564.0,-0.086,142177,19066),(388,6878,0.199,115.0,-0.703,21208,18999),(389,6804,0.140,318.0,-0.275,7629,5043),(390,6794,-0.033,509.0,-0.415,10116,12502),(391,6793,0.022,470.0,-0.404,5405,6900),(392,6787,0.033,263.0,-0.139,10903,3992),(393,6784,0.118,9.0,0.315,437,120),(394,6780,0.089,437.0,0.065,2675,8960),(395,6778,-0.036,486.0,0.450,7389,8432),(396,6775,0.040,706.0,-0.134,21571,NULL),(397,6752,NULL,502.0,NULL,3727,10453),(398,6716,0.038,92.0,-0.609,19317,3989),(399,6702,0.089,209.0,0.548,9135,3316),(400,6691,0.005,-187.0,-4.213,12871,11743),(401,6632,0.034,759.0,0.121,9487,6875),(402,6632,-0.009,746.0,-0.110,19424,NULL),(403,6618,-0.167,1727.0,-0.152,16099,23823),(404,6608,0.417,966.0,0.083,17452,37487),(405,6556,0.059,432.0,0.011,3829,10212),(406,6548,0.086,1055.0,0.257,16965,31775),(407,6543,0.027,270.0,NULL,7673,5620),(408,6528,-0.009,167.0,-0.012,2336,1271),(409,6498,0.057,649.0,0.844,55072,8303),(410,6497,0.016,1194.0,0.155,15758,11306),(411,6489,0.329,236.0,1.744,7653,6256),(412,6481,0.017,188.0,-0.502,3625,3016),(413,6477,0.830,485.0,1.270,8709,4291),(414,6440,0.025,847.0,0.109,9791,17997),(415,6418,-0.050,169.0,-0.372,3888,1645),(416,6403,0.101,-199.0,NULL,35793,3869),(417,6399,-0.009,551.0,0.054,21622,12528),(418,6385,0.045,93.0,0.022,2099,NULL),(419,6367,0.786,144.0,NULL,2910,1669),(420,6366,-0.514,1619.0,0.252,5478,22611),(421,6304,-0.106,226.0,0.251,2726,4400),(422,6286,0.129,823.0,0.078,8499,21897),(423,6279,0.030,216.0,-0.057,4514,5118),(424,6274,0.005,-296.0,NULL,12862,330),(425,6175,0.926,-229.0,-2.989,6546,4813),(426,6131,0.226,457.0,-0.185,23757,9476),(427,6098,-0.078,431.0,-0.058,2791,10208),(428,6087,0.020,321.0,0.169,4396,7157),(429,6076,-0.004,653.0,0.037,24699,13245),(430,6063,0.058,539.0,0.258,6908,7733),(431,6038,0.060,560.0,-0.082,8463,14131),(432,6004,0.084,734.0,-0.166,12578,NULL),(433,5997,NULL,692.0,-0.080,9890,10626),(434,5967,0.052,1163.0,0.095,125968,17512),(435,5958,0.273,1422.0,0.116,82003,35530),(436,5931,0.059,814.0,-0.040,9962,11407),(437,5901,0.023,467.0,0.106,18592,5382),(438,5886,0.119,914.0,0.394,12272,20903),(439,5883,-0.121,-8.0,NULL,4036,2263),(440,5880,-0.068,730.0,-0.118,7101,20024),(441,5854,0.221,1169.0,0.857,12707,64375),(442,5853,-0.184,-108.0,NULL,3419,1933),(443,5841,-0.107,-176.0,-2.207,5007,3250),(444,5835,0.129,425.0,0.111,2644,7851),(445,5826,-0.039,640.0,3.025,4860,2783),(446,5810,0.018,213.0,0.158,7421,4173),(447,5786,0.213,956.0,0.396,30879,51921),(448,5779,0.006,450.0,0.029,5777,8631),(449,5763,0.092,1045.0,0.244,149520,17597),(450,5762,-0.009,566.0,-0.032,11988,10561),(451,5761,0.017,648.0,0.117,4518,17294),(452,5733,0.020,-64.0,NULL,5779,408),(453,5722,0.145,1315.0,0.218,123449,23792),(454,5704,0.015,485.0,0.206,5782,8646),(455,5686,-0.150,365.0,0.298,10847,8543),(456,5677,0.061,393.0,0.191,7741,6910),(457,5661,0.066,2106.0,0.822,8669,33805),(458,5612,0.045,456.0,-0.218,25875,13623),(459,5599,0.011,611.0,-0.002,9819,8829),(460,5595,0.038,414.0,0.161,11490,10148),(461,5591,0.090,216.0,0.435,2575,6836),(462,5576,0.077,343.0,0.191,8832,4332),(463,5568,-0.144,2488.0,1.834,11767,18986),(464,5555,0.270,187.0,-0.162,3521,4393),(465,5551,0.945,-4.0,NULL,8763,5444),(466,5546,-0.094,229.0,-0.591,10037,11339),(467,5520,0.040,529.0,0.054,31594,10958),(468,5511,-0.058,-2.0,-1.073,1660,241),(469,5505,0.048,930.0,0.306,9743,24741),(470,5488,0.019,762.0,0.366,11408,13794),(471,5486,0.021,85.0,0.117,2219,1458),(472,5457,-0.043,318.0,-0.139,6494,8770),(473,5451,0.181,411.0,-0.088,22615,3158),(474,5449,0.060,591.0,-0.068,20386,11911),(475,5435,0.032,1839.0,0.006,31104,53732),(476,5423,-0.011,253.0,-0.698,9420,9691),(477,5422,0.194,791.0,-0.136,136453,19238),(478,5414,-0.060,-154.0,-8.923,2985,1504),(479,5406,0.025,294.0,0.265,3010,5307),(480,5400,NULL,7.0,NULL,6060,7080),(481,5398,0.008,241.0,-0.472,43831,NULL),(482,5387,-0.066,-384.0,NULL,11770,1038),(483,5379,-0.038,312.0,0.825,4755,4881),(484,5369,0.001,64.0,NULL,2164,568),(485,5354,-0.195,-1405.0,NULL,22519,19547),(486,5314,0.002,338.0,-0.083,6135,NULL),(487,5277,-0.044,121.0,1.245,2028,836),(488,5276,0.100,680.0,9.625,31377,13055),(489,5259,-0.001,728.0,0.061,7707,12711),(490,5250,0.031,343.0,-0.040,1778,6240),(491,5236,-0.023,15.0,-0.813,2671,NULL),(492,5200,0.002,153.0,0.070,1608,2180),(493,5197,0.058,378.0,0.042,2148,4229),(494,5170,0.239,382.0,0.052,9737,5872),(495,5169,0.040,-214.0,NULL,48083,44391),(496,5164,NULL,NULL,NULL,15167,6968),(497,5145,-0.028,57.0,-0.250,2281,2428);
/*!40000 ALTER TABLE `company_finance` ENABLE KEYS */;
UNLOCK TABLES;

--
-- Table structure for table `company_name`
--

DROP TABLE IF EXISTS `company_name`;
/*!40101 SET @saved_cs_client     = @@character_set_client */;
/*!50503 SET character_set_client = utf8mb4 */;
CREATE TABLE `company_name` (
  `c_id` int NOT NULL AUTO_INCREMENT,
  `c_name` varchar(100) NOT NULL,
  PRIMARY KEY (`c_id`),
  UNIQUE KEY `c_name_UNIQUE` (`c_name`)
) ENGINE=InnoDB AUTO_INCREMENT=1024 DEFAULT CHARSET=utf8mb3;
/*!40101 SET character_set_client = @saved_cs_client */;

--
-- Dumping data for table `company_name`
--

LOCK TABLES `company_name` WRITE;
/*!40000 ALTER TABLE `company_name` DISABLE KEYS */;
INSERT INTO `company_name` VALUES (94,'3m'),(393,'a-mark precious metals'),(134,'abbott laboratories'),(110,'abbvie'),(497,'abm industries'),(509,'activision blizzard'),(441,'adobe systems'),(239,'adp'),(291,'advance auto parts'),(499,'advanced micro devices (amd) inc.'),(160,'aecom'),(193,'aes'),(43,'aetna'),(125,'aflac'),(368,'agco'),(55,'aig'),(293,'air products & chemicals'),(505,'airbnb'),(486,'airgas'),(439,'ak steel holding'),(436,'alaska air group'),(49,'albertsons cos.'),(227,'alcoa'),(426,'alleghany'),(376,'alliance data systems'),(84,'allstate'),(285,'ally financial'),(27,'alphabet'),(147,'altria group'),(12,'amazon.com'),(429,'ameren'),(67,'american airlines group'),(166,'american electric power'),(86,'american express'),(313,'american family insurance group'),(409,'american financial group'),(447,'american tower'),(238,'ameriprise financial'),(11,'amerisourcebergen'),(122,'amgen'),(422,'amphenol'),(473,'amtrust financial services'),(342,'anadarko petroleum'),(502,'analog devices inc.'),(357,'anixter international'),(29,'anthem'),(485,'apache'),(3,'apple'),(264,'applied materials'),(191,'aramark'),(45,'archer daniels midland'),(514,'arista networks inc.'),(117,'arrow electronics'),(460,'arthur j. gallagher'),(408,'asbury automotive group'),(382,'ascena retail group'),(359,'assurant'),(9,'at&t'),(396,'auto-owners insurance'),(521,'autodesk inc.'),(282,'autoliv'),(504,'automatic data processing'),(128,'autonation'),(269,'autozone'),(428,'avery dennison'),(317,'avis budget group'),(108,'avnet'),(442,'avon products'),(284,'baker hughes'),(304,'ball'),(26,'bank of america corp.'),(176,'bank of new york mellon corp.'),(280,'baxter international'),(244,'bb&t corp.'),(224,'becton dickinson'),(232,'bed bath & beyond'),(2,'berkshire hathaway'),(411,'berry global group'),(72,'best buy'),(492,'big lots'),(247,'biogen'),(254,'blackrock'),(517,'block inc.'),(24,'boeing'),(501,'booking holdings'),(479,'booz allen hamilton holding'),(303,'borgwarner'),(325,'boston scientific'),(146,'bristol-myers squibb'),(498,'broadcom inc.'),(419,'builders firstsource'),(461,'burlington stores'),(211,'c.h. robinson worldwide'),(512,'cadence design systems inc.'),(413,'calatlantic group'),(398,'calpine'),(337,'campbell soup'),(100,'capital one financial'),(15,'cardinal health'),(173,'carmax'),(421,'casey\'s general stores'),(74,'caterpillar'),(213,'cbre group'),(192,'cbs'),(198,'cdw'),(253,'celgene'),(66,'centene'),(360,'centerpoint energy'),(159,'centurylink'),(491,'ch2m hill'),(355,'charles schwab'),(96,'charter communications'),(480,'chemours'),(341,'chesapeake energy'),(19,'chevron'),(93,'chs'),(70,'cigna'),(474,'cincinnati financial'),(60,'cisco systems'),(30,'citigroup'),(449,'citizens financial group'),(451,'clorox'),(417,'cms energy'),(64,'coca-cola'),(204,'cognizant technology solutions'),(181,'colgate-palmolive'),(31,'comcast'),(129,'community health systems'),(377,'computer sciences'),(196,'conagra foods'),(114,'conocophillips'),(233,'consolidated edison'),(406,'constellation brands'),(246,'core-mark holding'),(297,'corning'),(16,'costco'),(331,'crown holdings'),(305,'cst brands'),(256,'csx'),(158,'cummins'),(7,'cvs health'),(231,'d.r. horton'),(445,'dana holding'),(143,'danaher'),(383,'darden restaurants'),(180,'davita healthcare partners'),(349,'dean foods'),(105,'deere'),(478,'delek us holdings'),(41,'dell technologies'),(71,'delta air lines'),(230,'devon energy'),(338,'dick\'s sporting goods'),(415,'dillard\'s'),(276,'discover financial services'),(410,'discovery communications'),(185,'dish network'),(52,'disney'),(127,'dollar general'),(135,'dollar tree'),(237,'dominion resources'),(390,'dover'),(62,'dow chemical'),(414,'dr pepper snapple group'),(271,'dte energy'),(120,'duke energy'),(112,'dupont'),(307,'eastman chemical'),(308,'ebay'),(210,'ecolab'),(234,'edison international'),(131,'eli lilly'),(358,'emcor group'),(138,'emerson electric'),(79,'energy transfer equity'),(262,'entergy'),(121,'enterprise products partners'),(354,'eog resources'),(508,'equinix'),(380,'erie insurance group'),(484,'essendant'),(252,'estee lauder'),(356,'eversource energy'),(89,'exelon'),(315,'expedia'),(427,'expeditors international of washington'),(22,'express scripts holding'),(4,'exxon mobil'),(98,'facebook'),(20,'fannie mae'),(221,'farmers insurance exchange'),(58,'fedex'),(292,'fidelity national financial'),(299,'fidelity national information services'),(387,'fifth third bancorp'),(462,'first american financial'),(241,'first data'),(195,'firstenergy'),(469,'fiserv'),(506,'fiserv inc.'),(148,'fluor'),(346,'foot locker'),(10,'ford motor'),(516,'fortinet inc.'),(403,'franklin resources'),(39,'freddie mac'),(174,'freeport-mcmoran'),(311,'frontier communications'),(319,'gamestop'),(177,'gap'),(90,'general dynamics'),(13,'general electric'),(164,'general mills'),(8,'general motors'),(452,'genesis healthcare'),(179,'genuine parts'),(327,'genworth financial'),(92,'gilead sciences'),(332,'global partners'),(522,'globalfoundries'),(78,'goldman sachs group'),(183,'goodyear tire & rubber'),(418,'graybar electric'),(260,'group 1 automotive'),(217,'guardian life ins. co. of america'),(172,'halliburton'),(430,'hanesbrands'),(433,'harley-davidson'),(384,'harman international industries'),(361,'harris'),(152,'hartford financial services group'),(63,'hca holdings'),(362,'hd supply holdings'),(242,'henry schein'),(367,'hershey'),(295,'hertz global holdings'),(59,'hewlett packard enterprise'),(240,'hilton worldwide holdings'),(273,'hollyfrontier'),(23,'home depot'),(73,'honeywell international'),(294,'hormel foods'),(470,'host hotels & resorts'),(61,'hp'),(416,'hrg group'),(53,'humana'),(378,'huntington ingalls industries'),(288,'huntsman'),(32,'ibm'),(167,'icahn enterprises'),(424,'iheartmedia'),(201,'illinois tool works'),(454,'ingredion'),(471,'insight enterprises'),(47,'intel'),(435,'intercontinental exchange'),(132,'international paper'),(343,'interpublic group'),(188,'intl fcstone'),(500,'intuit inc.'),(523,'iqvia holdings'),(405,'j.b. hunt transport services'),(220,'j.c. penney'),(344,'j.m. smucker'),(21,'j.p. morgan chase'),(151,'jabil circuit'),(258,'jacobs engineering group'),(401,'jetblue airways'),(35,'johnson & johnson'),(402,'jones financial'),(389,'jones lang lasalle'),(215,'kellogg'),(487,'kelly services'),(477,'keycorp'),(154,'kimberly-clark'),(214,'kinder morgan'),(374,'kindred healthcare'),(513,'kla corporation'),(149,'kohl\'s'),(106,'kraft heinz'),(18,'kroger'),(219,'l brands'),(272,'l-3 communications'),(289,'laboratory corp. of america'),(438,'lam research'),(208,'land o\'lakes'),(248,'las vegas sands'),(150,'lear'),(379,'leidos holdings'),(259,'lennar'),(261,'leucadia national'),(334,'level 3 communications'),(268,'liberty interactive'),(488,'liberty media'),(75,'liberty mutual insurance group'),(372,'lifepoint health'),(206,'lincoln national'),(316,'lithia motors'),(328,'live nation entertainment'),(302,'lkq'),(56,'lockheed martin'),(212,'loews'),(40,'lowe\'s'),(453,'m&t bank corp.'),(109,'macy\'s'),(145,'manpowergroup'),(51,'marathon petroleum'),(458,'markel'),(162,'marriott international'),(209,'marsh & mclennan'),(524,'marvell technology inc.'),(370,'masco'),(77,'massachusetts mutual life insurance'),(266,'mastercard'),(472,'mattel'),(111,'mcdonald\'s'),(5,'mckesson'),(69,'merck'),(42,'metlife'),(296,'mgm resorts international'),(493,'michaels cos.'),(520,'microchip technology inc.'),(225,'micron technology'),(28,'microsoft'),(309,'mohawk industries'),(155,'molina healthcare'),(203,'monsanto'),(76,'morgan stanley'),(375,'mosaic'),(431,'motorola solutions'),(290,'murphy usa'),(340,'mutual of omaha insurance'),(373,'national oilwell varco'),(68,'nationwide'),(335,'navistar international'),(407,'ncr'),(466,'netapp'),(312,'netflix'),(65,'new york life insurance'),(207,'newell brands'),(326,'newmont mining'),(330,'news corp.'),(169,'nextera energy'),(236,'ngl energy partners'),(88,'nike'),(187,'nordstrom'),(283,'norfolk southern'),(113,'northrop grumman'),(97,'northwestern mutual'),(228,'nrg energy'),(168,'nucor'),(385,'nvidia'),(444,'nvr'),(321,'o\'reilly automotive'),(277,'occidental petroleum'),(202,'office depot'),(437,'old republic international'),(465,'olin'),(178,'omnicom group'),(310,'oneok'),(81,'oracle'),(423,'oshkosh'),(287,'owens & minor'),(456,'owens corning'),(399,'owens-illinois'),(163,'paccar'),(300,'pacific life'),(448,'packaging corp. of america'),(510,'palo alto networks inc.'),(250,'parker-hannifin'),(464,'patterson'),(263,'paypal holdings'),(171,'pbf energy'),(141,'penske automotive group'),(44,'pepsico'),(170,'performance food group'),(322,'peter kiewit sons\''),(54,'pfizer'),(156,'pg&e corp.'),(104,'philip morris international'),(34,'phillips 66'),(140,'plains gp holdings'),(165,'pnc financial services group'),(182,'ppg industries'),(363,'ppl'),(274,'praxair'),(267,'priceline group'),(226,'principal financial'),(36,'procter & gamble'),(119,'progressive'),(48,'prudential financial'),(306,'public service enterprise group'),(85,'publix super markets'),(351,'pultegroup'),(333,'pvh'),(118,'qualcomm'),(353,'quanta services'),(364,'quest diagnostics'),(388,'quintiles transnational holdings'),(386,'r.r. donnelley & sons'),(369,'ralph lauren'),(467,'raymond james financial'),(115,'raytheon'),(446,'realogy holdings'),(434,'regions financial'),(245,'reinsurance group of america'),(318,'reliance steel & aluminum'),(298,'republic services'),(222,'reynolds american'),(91,'rite aid'),(490,'robert half international'),(440,'rockwell automation'),(489,'rockwell collins'),(519,'roper technologies'),(218,'ross stores'),(392,'ryder system'),(457,'s&p global'),(324,'salesforce.com'),(412,'sanmina'),(483,'seaboard'),(395,'sealed air'),(126,'sears holdings'),(279,'sempra energy'),(503,'servicenow inc.'),(235,'sherwin-williams'),(475,'simon property group'),(518,'snowflake inc.'),(286,'sonic automotive'),(144,'southern'),(137,'southwest airlines'),(348,'spartannash'),(391,'spirit aerosystems holdings'),(432,'st. jude medical'),(249,'stanley black & decker'),(139,'staples'),(130,'starbucks'),(33,'state farm insurance cos.'),(270,'state street corp.'),(345,'steel dynamics'),(251,'stryker'),(301,'suntrust banks'),(157,'supervalu'),(463,'symantec'),(184,'synchrony financial'),(197,'synnex'),(511,'synopsys inc.'),(57,'sysco'),(400,'targa resources'),(38,'target'),(107,'tech data'),(133,'tenet healthcare'),(320,'tenneco'),(443,'terex'),(381,'tesla'),(116,'tesoro'),(205,'texas instruments'),(199,'textron'),(153,'thermo fisher scientific'),(314,'thrivent financial for lutherans'),(80,'tiaa'),(95,'time warner'),(87,'tjx'),(494,'toll brothers'),(243,'toys \"r\" us'),(394,'tractor supply'),(468,'travelcenters of america'),(99,'travelers cos.'),(425,'treehouse foods'),(101,'twenty-first century fox'),(82,'tyson foods'),(124,'u.s. bancorp'),(507,'uber technologies inc.'),(455,'ugi'),(142,'union pacific'),(83,'united continental holdings'),(323,'united natural foods'),(450,'united rentals'),(278,'united states steel'),(50,'united technologies'),(6,'unitedhealth group'),(336,'univar'),(275,'universal health services'),(257,'unum group'),(46,'ups'),(123,'us foods holding'),(102,'usaa'),(37,'valero energy'),(329,'veritiv'),(14,'verizon'),(229,'vf'),(223,'viacom'),(186,'visa'),(496,'vistra energy'),(404,'VMware'),(265,'voya financial'),(352,'w.r. berkley'),(281,'w.w. grainger'),(17,'walgreens boots alliance'),(1,'walmart'),(200,'waste management'),(366,'wec energy group'),(194,'wellcare health plans'),(25,'wells fargo'),(371,'wesco international'),(481,'western & southern financial group'),(216,'western digital'),(347,'western refining'),(476,'western union'),(189,'westrock'),(339,'weyerhaeuser'),(136,'whirlpool'),(175,'whole foods market'),(365,'williams'),(482,'windstream holdings'),(515,'workday inc.'),(103,'world fuel services'),(459,'wyndham worldwide'),(255,'xcel energy'),(161,'xerox'),(190,'xpo logistics'),(495,'yahoo'),(420,'yum brands'),(397,'yum china holdings'),(350,'zimmer biomet holdings');
/*!40000 ALTER TABLE `company_name` ENABLE KEYS */;
UNLOCK TABLES;

--
-- Table structure for table `company_rank`
--

DROP TABLE IF EXISTS `company_rank`;
/*!40101 SET @saved_cs_client     = @@character_set_client */;
/*!50503 SET character_set_client = utf8mb4 */;
CREATE TABLE `company_rank` (
  `c_id` int NOT NULL,
  `c_rank` varchar(45) DEFAULT NULL,
  PRIMARY KEY (`c_id`),
  CONSTRAINT `company_rank_ibfk_1` FOREIGN KEY (`c_id`) REFERENCES `company_name` (`c_id`)
) ENGINE=InnoDB DEFAULT CHARSET=utf8mb3;
/*!40101 SET character_set_client = @saved_cs_client */;

--
-- Dumping data for table `company_rank`
--

LOCK TABLES `company_rank` WRITE;
/*!40000 ALTER TABLE `company_rank` DISABLE KEYS */;
INSERT INTO `company_rank` VALUES (1,'1'),(2,'2'),(3,'3'),(4,'4'),(5,'5'),(6,'6'),(7,'7'),(8,'8'),(9,'9'),(10,'10'),(11,'11'),(12,'12'),(13,'13'),(14,'14'),(15,'15'),(16,'16'),(17,'17'),(18,'18'),(19,'19'),(20,'20'),(21,'21'),(22,'22'),(23,'23'),(24,'24'),(25,'25'),(26,'26'),(27,'27'),(28,'28'),(29,'29'),(30,'30'),(31,'31'),(32,'32'),(33,'33'),(34,'34'),(35,'35'),(36,'36'),(37,'37'),(38,'38'),(39,'39'),(40,'40'),(41,'41'),(42,'42'),(43,'43'),(44,'44'),(45,'45'),(46,'46'),(47,'47'),(48,'48'),(49,'49'),(50,'50'),(51,'51'),(52,'52'),(53,'53'),(54,'54'),(55,'55'),(56,'56'),(57,'57'),(58,'58'),(59,'59'),(60,'60'),(61,'61'),(62,'62'),(63,'63'),(64,'64'),(65,'65'),(66,'66'),(67,'67'),(68,'68'),(69,'69'),(70,'70'),(71,'71'),(72,'72'),(73,'73'),(74,'74'),(75,'75'),(76,'76'),(77,'77'),(78,'78'),(79,'79'),(80,'80'),(81,'81'),(82,'82'),(83,'83'),(84,'84'),(85,'85'),(86,'86'),(87,'87'),(88,'88'),(89,'89'),(90,'90'),(91,'91'),(92,'92'),(93,'93'),(94,'94'),(95,'95'),(96,'96'),(97,'97'),(98,'98'),(99,'99'),(100,'100'),(101,'101'),(102,'102'),(103,'103'),(104,'104'),(105,'105'),(106,'106'),(107,'107'),(108,'108'),(109,'110'),(110,'111'),(111,'112'),(112,'113'),(113,'114'),(114,'115'),(115,'116'),(116,'117'),(117,'118'),(118,'119'),(119,'120'),(120,'121'),(121,'122'),(122,'123'),(123,'124'),(124,'125'),(125,'126'),(126,'127'),(127,'128'),(128,'129'),(129,'130'),(130,'131'),(131,'132'),(132,'133'),(133,'134'),(134,'135'),(135,'136'),(136,'137'),(137,'138'),(138,'139'),(139,'140'),(140,'141'),(141,'142'),(142,'143'),(143,'144'),(144,'145'),(145,'146'),(146,'147'),(147,'148'),(148,'149'),(149,'150'),(150,'151'),(151,'152'),(152,'153'),(153,'154'),(154,'155'),(155,'156'),(156,'157'),(157,'158'),(158,'159'),(159,'160'),(160,'161'),(161,'162'),(162,'163'),(163,'164'),(164,'165'),(165,'166'),(166,'167'),(167,'168'),(168,'169'),(169,'170'),(170,'171'),(171,'172'),(172,'173'),(173,'174'),(174,'175'),(175,'176'),(176,'177'),(177,'178'),(178,'179'),(179,'180'),(180,'181'),(181,'182'),(182,'183'),(183,'184'),(184,'185'),(185,'186'),(186,'187'),(187,'188'),(188,'189'),(189,'190'),(190,'191'),(191,'192'),(192,'193'),(193,'194'),(194,'195'),(195,'196'),(196,'197'),(197,'198'),(198,'199'),(199,'200'),(200,'201'),(201,'202'),(202,'203'),(203,'204'),(204,'205'),(205,'206'),(206,'207'),(207,'208'),(208,'209'),(209,'210'),(210,'211'),(211,'212'),(212,'213'),(213,'214'),(214,'215'),(215,'216'),(216,'217'),(217,'218'),(218,'219'),(219,'220'),(220,'221'),(221,'222'),(222,'223'),(223,'224'),(224,'225'),(225,'226'),(226,'227'),(227,'228'),(228,'229'),(229,'230'),(230,'231'),(231,'232'),(232,'233'),(233,'234'),(234,'235'),(235,'236'),(236,'237'),(237,'238'),(238,'239'),(239,'240'),(240,'241'),(241,'242'),(242,'243'),(243,'244'),(244,'245'),(245,'246'),(246,'247'),(247,'248'),(248,'249'),(249,'250'),(250,'251'),(251,'252'),(252,'253'),(253,'254'),(254,'255'),(255,'256'),(256,'257'),(257,'258'),(258,'259'),(259,'260'),(260,'261'),(261,'262'),(262,'263'),(263,'264'),(264,'265'),(265,'266'),(266,'267'),(267,'268'),(268,'269'),(269,'270'),(270,'271'),(271,'272'),(272,'273'),(273,'274'),(274,'275'),(275,'276'),(276,'277'),(277,'278'),(278,'279'),(279,'280'),(280,'281'),(281,'282'),(282,'283'),(283,'284'),(284,'285'),(285,'286'),(286,'287'),(287,'288'),(288,'289'),(289,'290'),(290,'291'),(291,'292'),(292,'293'),(293,'294'),(294,'295'),(295,'296'),(296,'297'),(297,'298'),(298,'299'),(299,'301'),(300,'302'),(301,'303'),(302,'304'),(303,'305'),(304,'306'),(305,'307'),(306,'308'),(307,'309'),(308,'310'),(309,'311'),(310,'312'),(311,'313'),(312,'314'),(313,'315'),(314,'316'),(315,'317'),(316,'318'),(317,'319'),(318,'320'),(319,'321'),(320,'322'),(321,'323'),(322,'324'),(323,'325'),(324,'326'),(325,'327'),(326,'328'),(327,'329'),(328,'330'),(329,'331'),(330,'332'),(331,'333'),(332,'334'),(333,'335'),(334,'336'),(335,'337'),(336,'338'),(337,'339'),(338,'340'),(339,'341'),(340,'342'),(341,'343'),(342,'344'),(343,'345'),(344,'346'),(345,'347'),(346,'348'),(347,'349'),(348,'350'),(349,'351'),(350,'352'),(351,'353'),(352,'354'),(353,'355'),(354,'356'),(355,'357'),(356,'358'),(357,'359'),(358,'360'),(359,'361'),(360,'362'),(361,'363'),(362,'364'),(363,'365'),(364,'366'),(365,'367'),(366,'368'),(367,'369'),(368,'370'),(369,'371'),(370,'372'),(371,'373'),(372,'374'),(373,'375'),(374,'376'),(375,'377'),(376,'378'),(377,'379'),(378,'380'),(379,'381'),(380,'382'),(381,'383'),(382,'384'),(383,'385'),(384,'386'),(385,'387'),(386,'388'),(387,'389'),(388,'390'),(389,'391'),(390,'392'),(391,'393'),(392,'394'),(393,'395'),(394,'396'),(395,'397'),(396,'398'),(397,'399'),(398,'400'),(399,'401'),(400,'402'),(401,'403'),(402,'404'),(403,'405'),(404,'406'),(405,'407'),(406,'408'),(407,'409'),(408,'410'),(409,'411'),(410,'412'),(411,'413'),(412,'414'),(413,'415'),(414,'416'),(415,'417'),(416,'418'),(417,'419'),(418,'420'),(419,'421'),(420,'422'),(421,'423'),(422,'424'),(423,'425'),(424,'426'),(425,'427'),(426,'428'),(427,'429'),(428,'430'),(429,'431'),(430,'432'),(431,'433'),(432,'434'),(433,'435'),(434,'436'),(435,'437'),(436,'438'),(437,'439'),(438,'440'),(439,'441'),(440,'442'),(441,'443'),(442,'444'),(443,'445'),(444,'446'),(445,'447'),(446,'448'),(447,'449'),(448,'450'),(449,'451'),(450,'452'),(451,'453'),(452,'454'),(453,'455'),(454,'456'),(455,'457'),(456,'458'),(457,'459'),(458,'460'),(459,'461'),(460,'462'),(461,'463'),(462,'464'),(463,'465'),(464,'466'),(465,'467'),(466,'468'),(467,'469'),(468,'470'),(469,'471'),(470,'472'),(471,'473'),(472,'474'),(473,'475'),(474,'476'),(475,'477'),(476,'478'),(477,'479'),(478,'480'),(479,'481'),(480,'482'),(481,'483'),(482,'485'),(483,'486'),(484,'487'),(485,'488'),(486,'489'),(487,'490'),(488,'491'),(489,'492'),(490,'493'),(491,'494'),(492,'495'),(493,'496'),(494,'497'),(495,'498'),(496,'499'),(497,'500');
/*!40000 ALTER TABLE `company_rank` ENABLE KEYS */;
UNLOCK TABLES;

--
-- Table structure for table `company_sector`
--

DROP TABLE IF EXISTS `company_sector`;
/*!40101 SET @saved_cs_client     = @@character_set_client */;
/*!50503 SET character_set_client = utf8mb4 */;
CREATE TABLE `company_sector` (
  `c_id` int NOT NULL,
  `s_id` int NOT NULL,
  PRIMARY KEY (`c_id`),
  KEY `s_id_idx` (`s_id`),
  CONSTRAINT `company_sector_ibfk_1` FOREIGN KEY (`c_id`) REFERENCES `company_name` (`c_id`),
  CONSTRAINT `company_sector_ibfk_2` FOREIGN KEY (`s_id`) REFERENCES `sector` (`s_id`)
) ENGINE=InnoDB DEFAULT CHARSET=utf8mb3;
/*!40101 SET character_set_client = @saved_cs_client */;

--
-- Dumping data for table `company_sector`
--

LOCK TABLES `company_sector` WRITE;
/*!40000 ALTER TABLE `company_sector` DISABLE KEYS */;
INSERT INTO `company_sector` VALUES (3,1),(27,2),(28,2),(81,2),(98,2),(263,2),(381,2),(404,2),(441,2),(510,2),(511,2),(516,2),(517,2),(12,3),(312,3),(324,3),(500,3),(501,3),(503,3),(504,3),(505,3),(507,3),(509,3),(512,3),(515,3),(518,3),(521,3),(523,3),(47,4),(118,4),(205,4),(225,4),(264,4),(385,4),(438,4),(498,4),(499,4),(502,4),(513,4),(520,4),(522,4),(524,4),(60,5),(32,6),(506,6),(508,6),(41,7),(61,7),(514,7),(519,8);
/*!40000 ALTER TABLE `company_sector` ENABLE KEYS */;
UNLOCK TABLES;

--
-- Table structure for table `company_year`
--

DROP TABLE IF EXISTS `company_year`;
/*!40101 SET @saved_cs_client     = @@character_set_client */;
/*!50503 SET character_set_client = utf8mb4 */;
CREATE TABLE `company_year` (
  `c_id` int NOT NULL,
  `f_yr` varchar(45) DEFAULT NULL,
  PRIMARY KEY (`c_id`),
  CONSTRAINT `company_year_ibfk_1` FOREIGN KEY (`c_id`) REFERENCES `company_name` (`c_id`)
) ENGINE=InnoDB DEFAULT CHARSET=utf8mb3;
/*!40101 SET character_set_client = @saved_cs_client */;

--
-- Dumping data for table `company_year`
--

LOCK TABLES `company_year` WRITE;
/*!40000 ALTER TABLE `company_year` DISABLE KEYS */;
INSERT INTO `company_year` VALUES (3,'1976'),(12,'1994'),(27,'1998'),(28,'1975'),(32,'1911'),(41,'1984'),(47,'1968'),(60,'1984'),(61,'1939'),(81,'1977'),(98,'2004'),(118,'1985'),(205,'1930'),(225,'1978'),(263,'1998'),(264,'1967'),(312,'1997'),(324,'1999'),(381,'2003'),(385,'1993'),(404,'1998'),(438,'1980'),(441,'1982'),(498,'1961'),(499,'1969'),(500,'1983'),(501,'1996'),(502,'1965'),(503,'2004'),(504,'1949'),(505,'2008'),(506,'1984'),(507,'2009'),(508,'1998'),(509,'2008'),(510,'2005'),(511,'1986'),(512,'1988'),(513,'1997'),(514,'2004'),(515,'2005'),(516,'2000'),(517,'2009'),(518,'2012'),(519,'1890'),(520,'1989'),(521,'1982'),(522,'2009'),(523,'1982'),(524,'1995');
/*!40000 ALTER TABLE `company_year` ENABLE KEYS */;
UNLOCK TABLES;

--
-- Table structure for table `f500_cleaned`
--

DROP TABLE IF EXISTS `f500_cleaned`;
/*!40101 SET @saved_cs_client     = @@character_set_client */;
/*!50503 SET character_set_client = utf8mb4 */;
CREATE TABLE `f500_cleaned` (
  `rk` int DEFAULT NULL,
  `name` text,
  `prev_rank` int DEFAULT NULL,
  `num_employee_m` int DEFAULT NULL,
  `revenues_m` int DEFAULT NULL,
  `revenue_change_m` double DEFAULT NULL,
  `profits_m` int DEFAULT NULL,
  `profit_change_m` double DEFAULT NULL,
  `assets_m` int DEFAULT NULL,
  `market_value_m` int DEFAULT NULL
) ENGINE=InnoDB DEFAULT CHARSET=utf8mb3;
/*!40101 SET character_set_client = @saved_cs_client */;

--
-- Dumping data for table `f500_cleaned`
--

LOCK TABLES `f500_cleaned` WRITE;
/*!40000 ALTER TABLE `f500_cleaned` DISABLE KEYS */;
INSERT INTO `f500_cleaned` VALUES (1,'walmart',1,2300000,485873,0.008,13643,-0.072,198825,218619),(2,'berkshire hathaway',4,367700,223604,0.061,24074,0,620854,411035),(3,'apple',3,116000,215639,-0.077,45687,-0.144,321686,753718),(4,'exxon mobil',2,72700,205004,-0.167,7840,-0.515,330314,340056),(5,'mckesson',5,68000,192487,0.062,2258,0.53,56563,31439),(6,'unitedhealth group',6,230000,184840,0.177,7017,0.207,122810,157793),(7,'cvs health',7,204000,177526,0.158,5317,0.015,94462,81310),(8,'general motors',8,225000,166380,0.092,9427,-0.027,221690,52968),(9,'at&t',10,268540,163786,0.116,12976,-0.028,403821,255679),(10,'ford motor',9,201000,151800,0.015,4596,-0.377,237951,46349),(11,'amerisourcebergen',12,18500,146850,0.08,1428,NULL,33656,19229),(12,'amazon.com',18,341400,135987,0.271,2371,2.978,83402,423031),(13,'general electric',11,295000,126661,-0.098,8831,NULL,365183,259520),(14,'verizon',13,160900,125980,-0.043,13127,-0.266,244180,198900),(15,'cardinal health',21,37300,121546,0.185,1427,0.174,34122,25725),(16,'costco',15,172000,118719,0.022,2350,-0.011,33163,73606),(17,'walgreens boots alliance',19,300000,117351,0.134,4173,-0.011,72688,89645),(18,'kroger',17,443000,115337,0.05,1975,-0.031,36505,26961),(19,'chevron',14,55200,107567,-0.18,-497,-1.108,260078,203263),(20,'fannie mae',16,7000,107162,-0.029,12313,0.124,3287968,3011),(21,'j.p. morgan chase',23,243355,105486,0.044,24733,0.012,2490972,313761),(22,'express scripts holding',22,25600,100288,-0.014,3404,0.375,51745,39567),(23,'home depot',28,406000,94595,0.069,7957,0.135,42966,176368),(24,'boeing',24,150540,94571,-0.016,4895,-0.054,89997,107546),(25,'wells fargo',27,269100,94176,0.046,21938,-0.042,1930115,278516),(26,'bank of america corp.',26,208024,93662,0.007,17906,0.127,2187702,236182),(27,'alphabet',36,72053,90272,0.204,19478,0.191,167497,579426),(28,'microsoft',25,114000,85320,-0.088,16798,0.378,193694,508935),(29,'anthem',33,53000,84863,0.072,2470,-0.035,65083,43813),(30,'citigroup',29,219000,82386,-0.067,14912,-0.135,1792077,165394),(31,'comcast',37,159000,80403,0.079,8695,0.065,180500,178258),(32,'ibm',31,414400,79919,-0.031,11872,-0.1,117470,164251),(33,'state farm insurance cos.',35,68234,76132,0.006,350,-0.944,256030,NULL),(34,'phillips 66',30,14800,72396,-0.169,1555,-0.632,51653,40954),(35,'johnson & johnson',39,126400,71890,0.026,16540,0.073,141208,337642),(36,'procter & gamble',34,105000,71726,-0.089,10508,0.493,127136,229700),(37,'valero energy',32,9996,70166,-0.142,2289,-0.426,46173,29746),(38,'target',38,323000,69495,-0.058,2737,-0.186,37431,30502),(39,'freddie mac',43,5982,65665,0.034,7815,0.226,2023376,1612),(40,'lowe\'s',47,240000,65017,0.101,3093,0.215,34408,70481),(41,'dell technologies',NULL,138000,64806,0.181,-1672,NULL,118206,NULL),(42,'metlife',40,58000,63476,-0.093,800,-0.849,898764,57429),(43,'aetna',46,49500,63155,0.047,2271,-0.05,69146,44859),(44,'pepsico',44,264000,62799,-0.004,6329,0.161,74129,159763),(45,'archer daniels midland',41,31800,62346,-0.079,1279,-0.308,39769,26274),(46,'ups',48,335520,60906,0.044,3431,-0.292,40377,93276),(47,'intel',51,106000,59387,0.073,10316,-0.097,113327,170539),(48,'prudential financial',50,49739,58779,0.029,4368,-0.226,783962,45912),(49,'albertsons cos.',NULL,274000,58734,1.159,-502,NULL,23770,NULL),(50,'united technologies',45,201600,57244,-0.062,5055,-0.336,89706,89957),(51,'marathon petroleum',42,44460,55858,-0.135,1174,-0.588,44413,26679),(52,'disney',53,195000,55632,0.06,9391,0.12,92033,179298),(53,'humana',52,51600,54379,0.002,614,-0.519,25396,29743),(54,'pfizer',55,96500,52824,0.081,7215,0.037,171615,203725),(55,'aig',49,56400,52367,-0.102,-849,-1.387,498264,61154),(56,'lockheed martin',60,97000,50658,0.098,5302,0.471,47806,77557),(57,'sysco',57,51900,50367,0.035,950,0.383,16722,28048),(58,'fedex',58,335767,50365,0.061,1820,0.733,46064,52178),(59,'hewlett packard enterprise',NULL,195000,50123,NULL,3161,NULL,79679,39288),(60,'cisco systems',54,73700,49247,0.002,10739,0.196,121652,169266),(61,'hp',20,49000,48238,-0.533,2496,-0.452,29010,30231),(62,'dow chemical',56,56000,48158,-0.013,4318,-0.438,79511,77460),(63,'hca holdings',63,210500,44747,0.027,2890,0.357,33758,32966),(64,'coca-cola',62,100300,41863,-0.055,6527,-0.112,87270,182153),(65,'new york life insurance',61,11320,40787,-0.111,1088,3.241,287196,NULL),(66,'centene',124,30500,40721,0.786,562,0.583,20197,12271),(67,'american airlines group',67,122300,40180,-0.02,2676,-0.648,51274,21326),(68,'nationwide',69,34320,40074,-0.004,334,-0.424,197790,NULL),(69,'merck',72,68000,39807,0.008,3920,-0.118,95377,174454),(70,'cigna',79,41000,39668,0.047,1867,-0.108,59360,37604),(71,'delta air lines',68,83756,39639,-0.026,4373,-0.034,51261,33586),(72,'best buy',71,125000,39403,-0.009,1228,0.369,13856,15193),(73,'honeywell international',75,131000,39302,0.019,4809,0.009,54146,94991),(74,'caterpillar',59,95400,38537,-0.18,-67,-1.032,74704,54402),(75,'liberty mutual insurance group',73,50000,38308,-0.029,1006,0.957,125592,NULL),(76,'morgan stanley',78,55311,37949,0.001,5979,-0.024,814949,79947),(77,'massachusetts mutual life insurance',76,11737,37788,-0.012,1274,-0.106,271040,NULL),(78,'goldman sachs group',74,34400,37712,-0.038,7398,0.216,860165,91380),(79,'energy transfer equity',65,30992,37504,-0.11,995,-0.163,79011,21292),(80,'tiaa',82,12997,37105,0.055,1492,0.229,523194,NULL),(81,'oracle',77,136000,37047,-0.031,8901,-0.104,112180,183556),(82,'tyson foods',66,114000,36881,-0.109,1768,0.449,22373,22028),(83,'united continental holdings',80,88000,36556,-0.035,2263,-0.692,40140,22225),(84,'allstate',81,43275,36534,0.025,1877,-0.135,108610,29754),(85,'publix super markets',87,191000,34274,0.051,2026,0.031,17464,NULL),(86,'american express',85,56400,33823,-0.018,5408,0.047,158893,71193),(87,'tjx',89,235000,33184,0.072,2298,0.009,12884,51053),(88,'nike',91,70700,32376,0.058,3760,0.149,21396,92204),(89,'exelon',95,34396,31360,0.065,1134,-0.5,114904,33309),(90,'general dynamics',88,98800,31353,-0.004,2955,-0.003,32872,56791),(91,'rite aid',107,70580,30737,0.159,166,-0.922,11277,4473),(92,'gilead sciences',86,9000,30390,-0.069,13501,-0.254,56977,88788),(93,'chs',84,12157,30347,-0.122,424,-0.457,17318,NULL),(94,'3m',93,91584,30109,-0.005,5050,0.045,32906,114338),(95,'time warner',99,25000,29318,0.043,3926,0.024,65966,75660),(96,'charter communications',292,91500,29003,1.973,3522,NULL,149067,100595),(97,'northwestern mutual',100,5646,28799,0.024,818,0.004,250441,NULL),(98,'facebook',157,17048,27638,0.542,10217,1.77,64961,410522),(99,'travelers cos.',105,30900,27625,0.031,3014,-0.124,100245,33689),(100,'capital one financial',112,47300,27519,0.096,3751,-0.074,357033,41831),(101,'twenty-first century fox',96,21500,27326,-0.057,2755,-0.668,48365,59949),(102,'usaa',114,29943,27131,0.114,1779,-0.217,147290,NULL),(103,'world fuel services',92,5000,27016,-0.111,127,-0.275,5413,2535),(104,'philip morris international',106,79500,26685,-0.004,6967,0.014,36851,175349),(105,'deere',97,56767,26644,-0.077,1524,-0.214,57981,34648),(106,'kraft heinz',153,41000,26487,0.444,3632,4.729,120480,110528),(107,'tech data',108,9500,26235,-0.005,195,-0.266,7932,3569),(108,'avnet',102,17700,26219,-0.061,507,-0.114,11240,5898),(110,'macy\'s',103,148300,25778,-0.048,619,-0.423,19851,9046),(111,'abbvie',123,30000,25638,0.122,5953,0.157,66099,103838),(112,'mcdonald\'s',109,375000,24622,-0.031,4687,0.035,31024,106150),(113,'dupont',101,46000,24594,-0.12,2513,0.287,39964,69451),(114,'northrop grumman',118,67000,24508,0.042,2200,0.106,25614,41577),(115,'conocophillips',90,13300,24360,-0.213,-3615,NULL,89772,61692),(116,'raytheon',120,63000,24069,0.035,2211,0.066,30052,44664),(117,'tesoro',98,6308,24005,-0.147,734,-0.523,20398,9515),(118,'arrow electronics',119,18700,23825,0.023,523,0.05,14206,6546),(119,'qualcomm',110,30500,23554,-0.068,5705,0.082,52359,84694),(120,'progressive',137,31721,23441,0.124,1031,-0.187,33428,22760),(121,'duke energy',115,28798,23369,-0.01,2152,-0.236,132761,57397),(122,'enterprise products partners',104,6800,23022,-0.148,2513,-0.003,52194,58522),(123,'amgen',130,19200,22991,0.061,7722,0.113,77626,120830),(124,'us foods holding',122,25000,22919,-0.009,210,0.252,8945,6207),(125,'u.s. bancorp',131,71191,22744,0.058,5888,0.002,445964,87201),(126,'aflac',135,10212,22559,0.081,2659,0.05,129819,29053),(127,'sears holdings',111,140000,22138,-0.12,-2221,NULL,9362,1231),(128,'dollar general',139,121000,21987,0.079,1251,0.074,11672,19182),(129,'autonation',136,26000,21609,0.036,431,-0.027,10060,4268),(130,'community health systems',125,108000,21374,-0.058,-1721,NULL,21944,1010),(131,'starbucks',146,254000,21316,0.112,2818,0.022,14330,85092),(132,'eli lilly',141,41975,21222,0.063,2738,0.137,38806,92803),(133,'international paper',127,55000,21079,-0.058,904,-0.036,33345,20884),(134,'tenet healthcare',140,116475,21070,0.048,-192,NULL,24701,1777),(135,'abbott laboratories',138,75000,20853,0.009,1400,-0.683,52666,76740),(136,'dollar tree',180,116050,20719,0.337,896,2.174,15702,18540),(137,'whirlpool',134,93000,20718,-0.008,888,0.134,19153,12762),(138,'southwest airlines',142,53536,20425,0.031,2244,0.029,23286,33076),(139,'emerson electric',128,103500,20268,-0.091,1635,-0.397,21743,38614),(140,'staples',132,61503,20217,-0.04,-1497,-4.948,8271,5723),(141,'plains gp holdings',121,5100,20182,-0.128,94,-0.203,26103,9127),(142,'penske automotive group',143,24000,20143,0.04,343,0.052,8861,4001),(143,'union pacific',129,42919,19941,-0.086,4233,-0.113,55718,85911),(144,'danaher',133,62000,19912,-0.048,2554,-0.239,45295,59359),(145,'southern',162,32015,19896,0.138,2448,0.034,109697,49335),(146,'manpowergroup',144,28000,19654,0.017,444,0.058,7574,6938),(147,'bristol-myers squibb',168,25000,19427,0.173,4457,1.848,33707,89591),(148,'altria group',149,8300,19337,0.026,14239,1.717,45932,138513),(149,'fluor',155,61551,19037,0.051,281,-0.318,9216,7353),(150,'kohl\'s',145,85000,18686,-0.027,556,-0.174,13574,6862),(151,'lear',154,148400,18558,0.019,975,0.308,9901,9726),(152,'jabil circuit',158,138000,18353,0.025,254,-0.105,10323,5270),(153,'hartford financial services group',152,16900,18300,-0.004,896,-0.467,223432,17795),(154,'thermo fisher scientific',164,54800,18274,0.077,2022,0.023,45908,59964),(155,'kimberly-clark',151,42000,18202,-0.021,2166,1.138,14602,46828),(156,'molina healthcare',201,21000,17782,0.254,52,-0.636,7449,2601),(157,'pg&e corp.',166,24000,17666,0.049,1393,0.594,68598,33696),(158,'supervalu',160,38000,17529,-0.016,178,-0.073,4370,1033),(159,'cummins',148,55400,17509,-0.084,1394,-0.004,15011,25397),(160,'centurylink',159,40000,17470,-0.024,626,-0.287,47017,12883),(161,'aecom',156,87000,17411,-0.032,96,NULL,13727,5528),(162,'xerox',150,133600,17126,-0.082,-477,-2.006,18145,7462),(163,'marriott international',195,226500,17072,0.179,780,-0.092,24140,36124),(164,'paccar',147,23000,17033,-0.109,522,-0.675,20639,23604),(165,'general mills',161,39000,16563,-0.061,1697,0.39,21712,33998),(166,'pnc financial services group',171,50683,16423,0.009,3903,-0.049,366380,58455),(167,'american electric power',165,17634,16380,-0.031,611,-0.702,63468,33009),(168,'icahn enterprises',184,90980,16348,0.07,-1128,NULL,33335,7989),(169,'nucor',170,23900,16208,-0.014,796,1.226,15224,19051),(170,'nextera energy',163,14700,16155,-0.076,2912,0.058,89993,60099),(171,'performance food group',185,13000,16105,0.055,68,0.209,3455,2464),(172,'pbf energy',217,3165,15920,0.213,171,0.167,7622,2431),(173,'halliburton',117,50000,15887,-0.328,-5763,NULL,27000,42662),(174,'carmax',191,22429,15833,0.064,623,0.044,14482,11081),(175,'freeport-mcmoran',175,30000,15789,-0.006,-4154,NULL,37317,19310),(176,'whole foods market',181,73515,15724,0.022,507,-0.054,6341,9468),(177,'bank of new york mellon corp.',179,52000,15683,0.01,3547,0.123,333469,48913),(178,'gap',177,135000,15516,-0.018,676,-0.265,7610,9712),(179,'omnicom group',186,78500,15417,0.019,1149,0.05,23165,20219),(180,'genuine parts',183,40000,15340,0.004,687,-0.026,8859,13712),(181,'davita healthcare partners',200,70300,15197,0.069,880,2.262,18741,13227),(182,'colgate-palmolive',174,36700,15195,-0.052,2441,0.764,12123,64715),(183,'ppg industries',182,47000,15178,-0.01,877,-0.376,15769,26970),(184,'goodyear tire & rubber',169,66000,15158,-0.078,1264,3.117,16511,9070),(185,'synchrony financial',NULL,15000,15122,0.11,2251,0.017,90207,27810),(186,'dish network',187,16000,15095,0.002,1450,0.941,28092,29547),(187,'visa',204,14200,15082,0.087,5991,-0.053,64035,206242),(188,'nordstrom',197,72500,14757,0.022,354,-0.41,7858,7770),(189,'intl fcstone',83,1464,14755,-0.575,55,-0.018,5951,708),(190,'westrock',251,39000,14706,0.292,-396,-1.782,23038,13029),(191,'xpo logistics',353,87000,14619,0.918,69,NULL,11698,5338),(192,'aramark',199,217250,14416,0.006,288,0.22,10582,9081),(193,'cbs',203,18410,14386,0.036,1261,-0.108,24238,28405),(194,'aes',190,19000,14287,-0.045,-1130,-4.693,36119,7371),(195,'wellcare health plans',202,7400,14237,0.025,242,1.041,6153,6212),(196,'firstenergy',188,15707,14156,-0.031,-6177,NULL,43148,14118),(197,'conagra foods',176,20900,14134,-0.108,-677,NULL,13391,17557),(198,'synnex',212,110000,14062,0.054,235,0.127,5223,4469),(199,'cdw',220,8516,13982,0.076,424,0.053,6948,9197),(200,'textron',209,36000,13788,0.027,962,0.38,15358,12851),(201,'waste management',221,41200,13609,0.05,1182,0.57,20859,32216),(202,'illinois tool works',211,50000,13599,0.014,2035,0.072,15201,45791),(203,'office depot',196,38000,13585,-0.062,529,NULL,5540,2402),(204,'monsanto',189,22450,13502,-0.1,1336,-0.423,19736,49644),(205,'cognizant technology solutions',230,260200,13487,0.086,1553,-0.043,14262,36226),(206,'texas instruments',219,29865,13370,0.028,3595,0.204,16431,80531),(207,'lincoln national',205,9057,13330,-0.018,1192,0.033,261627,14760),(208,'newell brands',434,53400,13264,1.221,528,0.508,33838,22787),(209,'land o\'lakes',215,10000,13233,0.006,245,-0.204,8305,NULL),(210,'marsh & mclennan',222,60000,13211,0.025,1768,0.106,18190,38078),(211,'ecolab',206,47565,13153,-0.029,1230,0.227,18330,36356),(212,'c.h. robinson worldwide',208,14125,13144,-0.025,513,0.007,3688,10958),(213,'loews',210,15800,13105,-0.023,654,1.515,76594,15747),(214,'cbre group',259,75000,13072,0.204,572,0.045,10780,11753),(215,'kinder morgan',198,11121,13058,-0.093,708,1.798,80305,48533),(216,'kellogg',207,37369,13014,-0.038,694,0.13,15111,25417),(217,'western digital',194,72878,12994,-0.108,242,-0.835,32862,23775),(218,'guardian life ins. co. of america',226,8876,12919,0.023,264,-0.357,70339,NULL),(219,'ross stores',237,78600,12867,0.078,1118,0.095,5309,25814),(220,'l brands',234,59100,12574,0.035,1158,-0.076,8170,13426),(221,'j.c. penney',228,106000,12547,-0.006,1,NULL,9314,1901),(222,'farmers insurance exchange',227,13309,12513,-0.009,-148,NULL,16057,NULL),(223,'reynolds american',266,5525,12503,0.171,6073,0.867,51095,89862),(224,'viacom',213,9650,12488,-0.059,1438,-0.252,22508,18503),(225,'becton dickinson',278,50928,12483,0.214,976,0.404,25586,39041),(226,'micron technology',173,31400,12399,-0.234,-276,-1.095,27540,31972),(227,'principal financial',236,14854,12394,0.036,1317,0.067,228014,18143),(228,'alcoa',126,41500,12394,-0.45,-941,NULL,20038,11604),(229,'nrg energy',193,8763,12351,-0.158,-774,NULL,30355,5911),(230,'vf',231,69000,12207,-0.014,1074,-0.128,9739,22786),(231,'devon energy',216,3545,12197,-0.072,-3302,NULL,25913,21886),(232,'d.r. horton',260,6976,12157,0.123,886,0.181,11559,12438),(233,'bed bath & beyond',238,62000,12104,0.019,842,-0.121,6499,5931),(234,'consolidated edison',229,14960,12075,-0.038,1245,0.044,48255,23708),(235,'edison international',246,12390,11869,0.03,1311,0.285,51319,25938),(236,'sherwin-williams',253,42550,11856,0.046,1133,0.075,6753,28891),(237,'ngl energy partners',167,3200,11742,-0.301,-199,-6.332,5560,2686),(238,'dominion resources',243,16200,11737,0.005,2123,0.118,71610,48732),(239,'ameriprise financial',232,13195,11735,-0.038,1314,-0.159,139821,19953),(240,'adp',248,57000,11668,0.017,1493,0.028,43670,45963),(241,'hilton worldwide holdings',254,169000,11663,0.035,348,-0.752,26211,19276),(242,'first data',249,24000,11584,0.012,420,NULL,40292,14224),(243,'henry schein',268,21000,11572,0.089,507,0.058,6730,13461),(244,'toys \"r\" us',240,64000,11540,-0.022,-36,NULL,6908,NULL),(245,'bb&t corp.',273,37500,11538,0.115,2426,0.164,219276,36141),(246,'reinsurance group of america',271,2371,11522,0.106,701,0.397,53098,8169),(247,'core-mark holding',317,7688,11507,0.299,54,0.052,1497,1445),(248,'biogen',263,7400,11449,0.064,3703,0.044,22877,59046),(249,'las vegas sands',241,49000,11410,-0.024,1670,-0.151,20469,45313),(250,'stanley black & decker',256,54023,11407,0.017,965,0.092,15635,20280),(251,'parker-hannifin',224,48950,11361,-0.106,807,-0.203,12057,21370),(252,'stryker',287,33000,11325,0.139,1647,0.145,20435,49115),(253,'estee lauder',261,46000,11262,0.045,1115,0.024,9223,31068),(254,'celgene',305,7132,11229,0.213,1999,0.248,28086,96802),(255,'blackrock',250,13000,11155,-0.022,3172,-0.052,220177,62225),(256,'xcel energy',257,11476,11107,0.007,1123,0.141,41155,22546),(257,'csx',239,26628,11069,-0.063,1714,-0.129,35414,43126),(258,'unum group',265,9400,11047,0.029,931,0.074,61942,10749),(259,'jacobs engineering group',235,49350,10964,-0.095,211,-0.305,7360,6693),(260,'lennar',301,8335,10950,0.156,912,0.136,15362,12002),(261,'group 1 automotive',267,13500,10888,0.024,147,0.565,4462,1584),(262,'leucadia national',242,13000,10875,-0.069,130,-0.542,45071,9355),(263,'entergy',247,13513,10846,-0.058,-584,NULL,45904,13685),(264,'paypal holdings',307,18100,10842,0.172,1401,0.141,33103,51650),(265,'applied materials',295,16150,10825,0.121,1721,0.25,14588,42005),(266,'voya financial',252,6700,10782,-0.049,-428,-2.048,214235,7191),(267,'mastercard',294,11900,10776,0.115,4059,0.066,18675,121234),(268,'priceline group',308,18500,10743,0.165,2135,-0.163,19839,87522),(269,'liberty interactive',284,21080,10647,0.066,1235,0.421,20355,9101),(270,'autozone',280,66780,10636,0.044,1241,0.07,8600,20540),(271,'state street corp.',264,33783,10635,-0.012,2143,0.082,242698,30406),(272,'dte energy',274,10000,10630,0.028,868,0.194,32041,18317),(273,'l-3 communications',245,38000,10597,-0.083,710,NULL,11865,12859),(274,'hollyfrontier',214,2676,10536,-0.204,-261,-1.352,9436,5048),(275,'praxair',262,26498,10534,-0.022,1500,-0.03,19332,33834),(276,'universal health services',290,70863,10508,0.074,702,0.032,10318,12022),(277,'discover financial services',283,15549,10497,0.049,2393,0.042,92308,26255),(278,'occidental petroleum',225,11000,10398,-0.181,-574,NULL,43109,48444),(279,'united states steel',244,29800,10261,-0.113,-440,NULL,9160,5893),(280,'sempra energy',279,16575,10183,-0.005,1370,0.016,47786,27692),(281,'baxter international',286,48000,10163,0.02,4965,4.129,15546,28106),(282,'w.w. grainger',285,25000,10137,0.016,606,-0.212,5694,13668),(283,'autoliv',310,65900,10074,0.099,567,0.241,8234,9032),(284,'norfolk southern',270,27856,9888,-0.059,1668,0.072,34892,32515),(285,'baker hughes',178,33000,9841,-0.375,-2738,NULL,19034,25444),(286,'ally financial',298,7600,9835,0.031,1067,-0.172,163728,9437),(287,'sonic automotive',297,9800,9732,0.011,93,0.08,3639,900),(288,'owens & minor',291,7900,9723,-0.005,109,0.052,2718,2114),(289,'huntsman',277,15000,9657,-0.062,326,2.505,9189,5880),(290,'laboratory corp. of america',325,52000,9642,0.111,732,0.676,14247,14696),(291,'murphy usa',258,6600,9633,-0.115,222,0.256,2089,2706),(292,'advance auto parts',293,57500,9568,-0.017,460,-0.029,8315,10944),(293,'fidelity national financial',311,55219,9554,0.046,650,0.233,14463,10600),(294,'air products & chemicals',288,18450,9524,-0.037,631,-0.506,18055,29438),(295,'hormel foods',304,21100,9523,0.028,890,0.297,6370,18316),(296,'hertz global holdings',269,36000,9480,-0.1,-491,-2.799,19155,1456),(297,'mgm resorts international',309,66500,9455,0.029,1101,NULL,28173,15733),(298,'corning',313,40700,9390,0.031,3695,1.76,27899,25030),(299,'republic services',312,33000,9388,0.03,613,-0.183,20630,21312),(301,'fidelity national information services',392,55000,9241,0.401,568,-0.101,26031,26178),(302,'pacific life',326,3628,9169,0.061,824,0.247,143298,NULL),(303,'suntrust banks',329,24375,9161,0.074,1878,-0.028,204875,27175),(304,'lkq',369,42500,9082,0.263,464,0.096,8303,9021),(305,'borgwarner',339,27000,9071,0.131,119,-0.806,8835,8895),(306,'ball',341,18450,9061,0.133,263,-0.064,16173,13000),(307,'cst brands',299,12380,9061,-0.046,324,1.174,4360,3645),(308,'public service enterprise group',272,13065,9061,-0.13,887,-0.472,40070,22451),(309,'eastman chemical',296,14000,9008,-0.066,854,0.007,15457,11783),(310,'ebay',300,12600,8979,-0.054,7266,3.212,23847,36232),(311,'mohawk industries',338,37800,8959,0.11,930,0.512,10231,17025),(312,'oneok',348,2384,8921,0.149,352,0.437,16139,11684),(313,'frontier communications',461,28332,8896,0.595,-373,NULL,29013,2521),(314,'netflix',379,3850,8831,0.303,187,0.522,13587,63619),(315,'american family insurance group',332,10471,8829,0.066,326,-0.531,22662,NULL),(316,'thrivent financial for lutherans',318,3282,8777,-0.001,588,-0.236,88561,NULL),(317,'expedia',385,20075,8774,0.315,282,-0.631,15778,18901),(318,'lithia motors',346,11170,8678,0.103,197,0.077,3844,2156),(319,'avis budget group',330,25600,8659,0.018,163,-0.479,17643,2528),(320,'reliance steel & aluminum',303,14500,8613,-0.079,304,-0.023,7411,5830),(321,'gamestop',302,41750,8608,-0.081,353,-0.123,4976,2282),(322,'tenneco',334,31000,8599,0.048,363,0.47,4342,3390),(323,'o\'reilly automotive',342,58397,8593,0.079,1038,0.114,7204,24730),(324,'peter kiewit sons\'',314,20000,8573,-0.047,396,0.578,6179,NULL),(325,'united natural foods',335,9554,8470,0.035,126,-0.093,2852,2187),(326,'salesforce.com',386,25000,8392,0.259,180,NULL,17585,58362),(327,'boston scientific',359,27000,8386,0.122,347,NULL,18096,34046),(328,'newmont mining',349,12438,8379,0.084,-627,-3.85,21031,17518),(329,'genworth financial',306,3400,8369,-0.095,-277,NULL,104658,2056),(330,'live nation entertainment',366,11500,8355,0.153,3,NULL,6764,6219),(331,'veritiv',323,8700,8327,-0.045,21,-0.213,2484,813),(332,'news corp.',327,24000,8319,-0.036,179,NULL,15483,7559),(333,'crown holdings',321,23992,8284,-0.055,496,0.262,9599,7367),(334,'global partners',276,1770,8240,-0.201,-199,-5.578,2564,663),(335,'pvh',340,26650,8203,0.023,549,-0.041,11068,8092),(336,'level 3 communications',333,12600,8172,-0.007,677,-0.803,24888,20638),(337,'navistar international',281,11300,8111,-0.2,-97,NULL,5653,2416),(338,'univar',315,8700,8074,-0.101,-68,-5.145,5390,4293),(339,'campbell soup',337,16500,7961,-0.015,563,-0.185,7837,17423),(340,'dick\'s sporting goods',365,27550,7922,0.09,287,-0.13,4058,5489),(341,'weyerhaeuser',373,10400,7902,0.116,1027,1.03,19243,25451),(342,'mutual of omaha insurance',367,5732,7899,0.092,357,0.071,38465,NULL),(343,'chesapeake energy',223,3300,7872,-0.383,-4401,NULL,13028,5394),(344,'anadarko petroleum',324,4500,7869,-0.095,-3071,NULL,45564,34640),(345,'interpublic group',355,49800,7847,0.031,609,0.339,12485,9648),(346,'j.m. smucker',452,6910,7811,0.372,689,0.997,15984,15263),(347,'steel dynamics',356,7695,7777,0.024,382,NULL,6424,8425),(348,'foot locker',361,32965,7766,0.048,664,0.227,3840,9818),(349,'western refining',289,7134,7743,-0.209,125,-0.693,5560,3812),(350,'spartannash',351,11500,7735,0.011,57,-0.094,1930,1313),(351,'dean foods',336,17000,7710,-0.051,120,NULL,2606,1786),(352,'zimmer biomet holdings',431,18500,7684,0.281,306,1.081,26684,24571),(353,'pultegroup',433,4623,7669,0.282,603,0.22,10178,7466),(354,'w.r. berkley',368,7608,7654,0.062,602,0.195,23365,8561),(355,'quanta services',352,28100,7651,0.002,198,-0.362,5354,5386),(356,'eog resources',322,2650,7651,-0.126,-1097,NULL,29459,56302),(357,'charles schwab',401,16200,7644,0.176,1889,0.305,223383,54555),(358,'eversource energy',343,7762,7639,-0.04,942,0.073,32053,18627),(359,'anixter international',391,8900,7625,0.156,121,-0.056,4094,2626),(360,'emcor group',381,31000,7552,0.123,182,0.056,3894,3756),(361,'assurant',275,14700,7532,-0.271,565,2.994,29709,5298),(362,'centerpoint energy',363,7727,7528,0.019,432,NULL,21829,11882),(363,'harris',505,21000,7527,0.481,324,-0.03,11996,13849),(364,'hd supply holdings',320,14000,7524,-0.143,196,-0.867,5707,8296),(365,'ppl',350,12689,7517,-0.02,1902,1.789,38315,25448),(366,'quest diagnostics',358,43000,7515,0.003,645,-0.09,10100,13501),(367,'williams',364,5604,7499,0.019,-424,NULL,46835,24436),(368,'wec energy group',437,8074,7472,0.261,939,0.471,30123,19134),(369,'hershey',362,17140,7440,0.007,720,0.404,5524,23236),(370,'agco',360,19795,7411,-0.008,160,-0.399,7168,4783),(371,'ralph lauren',354,20500,7405,-0.028,396,-0.436,6213,6710),(372,'masco',345,26000,7357,-0.069,491,0.383,5137,10888),(373,'wesco international',357,9000,7336,-0.024,102,-0.518,4491,3389),(374,'lifepoint health',430,47000,7274,0.209,122,-0.33,6319,2616),(375,'national oilwell varco',192,36384,7251,-0.509,-2412,NULL,21140,15183),(376,'kindred healthcare',372,76650,7227,0.018,-664,NULL,6113,711),(377,'mosaic',316,8700,7163,-0.195,298,-0.702,16841,10242),(378,'alliance data systems',404,17000,7138,0.108,516,-0.135,25514,13925),(379,'computer sciences',233,59000,7106,-0.417,251,NULL,7736,9746),(380,'huntington ingalls industries',378,37000,7068,0.007,573,0.418,6352,9265),(381,'leidos holdings',504,32000,7043,0.385,244,-0.039,9132,7696),(382,'erie insurance group',411,4988,7016,0.057,742,0.107,18417,NULL),(383,'tesla',588,30025,7000,0.73,-675,NULL,22664,45390),(384,'ascena retail group',523,41000,6995,0.456,-12,NULL,5506,830),(385,'darden restaurants',371,150942,6934,-0.032,375,-0.471,4583,10389),(386,'harman international industries',419,26000,6912,0.123,362,0.056,6054,NULL),(387,'nvidia',508,10299,6910,0.379,1666,1.713,9841,64160),(388,'r.r. donnelley & sons',255,44360,6896,-0.387,-496,-4.282,4285,846),(389,'fifth third bancorp',376,17844,6889,-0.02,1564,-0.086,142177,19066),(390,'quintiles transnational holdings',447,50000,6878,0.199,115,-0.703,21208,18999),(391,'jones lang lasalle',436,77300,6804,0.14,318,-0.275,7629,5043),(392,'dover',377,29000,6794,-0.033,509,-0.415,10116,12502),(393,'spirit aerosystems holdings',389,14400,6793,0.022,470,-0.404,5405,6900),(394,'ryder system',395,34500,6787,0.033,263,-0.139,10903,3992),(395,'a-mark precious metals',426,83000,6784,0.118,9,0.315,437,120),(396,'tractor supply',415,19500,6780,0.089,437,0.065,2675,8960),(397,'sealed air',375,23000,6778,-0.036,486,0.45,7389,8432),(398,'auto-owners insurance',398,4737,6775,0.04,706,-0.134,21571,NULL),(399,'yum china holdings',NULL,420000,6752,NULL,502,NULL,3727,10453),(400,'calpine',402,2372,6716,0.038,92,-0.609,19317,3989),(401,'owens-illinois',418,27000,6702,0.089,209,0.548,9135,3316),(402,'targa resources',387,1970,6691,0.005,-187,-4.213,12871,11743),(403,'jetblue airways',405,15986,6632,0.034,759,0.121,9487,6875),(404,'jones financial',382,43000,6632,-0.009,746,-0.11,19424,NULL),(405,'franklin resources',344,9059,6618,-0.167,1727,-0.152,16099,23823),(406,'VMware',532,9500,6608,0.417,966,0.083,17452,37487),(407,'j.b. hunt transport services',416,22190,6556,0.059,432,0.011,3829,10212),(408,'constellation brands',429,9000,6548,0.086,1055,0.257,16965,31775),(409,'ncr',409,33500,6543,0.027,270,NULL,7673,5620),(410,'asbury automotive group',393,7900,6528,-0.009,167,-0.012,2336,1271),(411,'american financial group',421,7600,6498,0.057,649,0.844,55072,8303),(412,'discovery communications',406,7000,6497,0.016,1194,0.155,15758,11306),(413,'berry global group',518,21000,6489,0.329,236,1.744,7653,6256),(414,'sanmina',408,40178,6481,0.017,188,-0.502,3625,3016),(415,'calatlantic group',640,3055,6477,0.83,485,1.27,8709,4291),(416,'dr pepper snapple group',413,20000,6440,0.025,847,0.109,9791,17997),(417,'dillard\'s',380,30800,6418,-0.05,169,-0.372,3888,1645),(418,'hrg group',441,16021,6403,0.101,-199,NULL,35793,3869),(419,'cms energy',403,7750,6399,-0.009,551,0.054,21622,12528),(420,'graybar electric',423,8500,6385,0.045,93,0.022,2099,NULL),(421,'builders firstsource',637,14000,6367,0.786,144,NULL,2910,1669),(422,'yum brands',218,90000,6366,-0.514,1619,0.252,5478,22611),(423,'casey\'s general stores',374,24724,6304,-0.106,226,0.251,2726,4400),(424,'amphenol',462,62000,6286,0.129,823,0.078,8499,21897),(425,'oshkosh',424,13800,6279,0.03,216,-0.057,4514,5118),(426,'iheartmedia',414,18700,6274,0.005,-296,NULL,12862,330),(427,'treehouse foods',686,16027,6175,0.926,-229,-2.989,6546,4813),(428,'alleghany',509,3420,6131,0.226,457,-0.185,23757,9476),(429,'expeditors international of washington',390,16000,6098,-0.078,431,-0.058,2791,10208),(430,'avery dennison',435,25000,6087,0.02,321,0.169,4396,7157),(431,'ameren',425,8629,6076,-0.004,653,0.037,24699,13245),(432,'hanesbrands',448,67800,6063,0.058,539,0.258,6908,7733),(433,'motorola solutions',451,14000,6038,0.06,560,-0.082,8463,14131),(434,'st. jude medical',465,18000,6004,0.084,734,-0.166,12578,NULL),(435,'harley-davidson',432,6000,5997,NULL,692,-0.08,9890,10626),(436,'regions financial',453,22166,5967,0.052,1163,0.095,125968,17512),(437,'intercontinental exchange',529,5631,5958,0.273,1422,0.116,82003,35530),(438,'alaska air group',459,19112,5931,0.059,814,-0.04,9962,11407),(439,'old republic international',442,8500,5901,0.023,467,0.106,18592,5382),(440,'lam research',491,7500,5886,0.119,914,0.394,12272,20903),(441,'ak steel holding',383,8500,5883,-0.121,-8,NULL,4036,2263),(442,'rockwell automation',412,22000,5880,-0.068,730,-0.118,7101,20024),(443,'adobe systems',524,15706,5854,0.221,1169,0.857,12707,64375),(444,'avon products',370,26400,5853,-0.184,-108,NULL,3419,1933),(445,'terex',396,18100,5841,-0.107,-176,-2.207,5007,3250),(446,'nvr',498,4900,5835,0.129,425,0.111,2644,7851),(447,'dana holding',428,24900,5826,-0.039,640,3.025,4860,2783),(448,'realogy holdings',449,11800,5810,0.018,213,0.158,7421,4173),(449,'american tower',526,4507,5786,0.213,956,0.396,30879,51921),(450,'packaging corp. of america',446,14000,5779,0.006,450,0.029,5777,8631),(451,'citizens financial group',486,17600,5763,0.092,1045,0.244,149520,17597),(452,'united rentals',440,12500,5762,-0.009,566,-0.032,11988,10561),(453,'clorox',455,8000,5761,0.017,648,0.117,4518,17294),(454,'genesis healthcare',457,82000,5733,0.02,-64,NULL,5779,408),(455,'m&t bank corp.',510,16487,5722,0.145,1315,0.218,123449,23792),(456,'ingredion',456,11000,5704,0.015,485,0.206,5782,8646),(457,'ugi',384,13105,5686,-0.15,365,0.298,10847,8543),(458,'owens corning',480,16000,5677,0.061,393,0.191,7741,6910),(459,'s&p global',481,20000,5661,0.066,2106,0.822,8669,33805),(460,'markel',476,10900,5612,0.045,456,-0.218,25875,13623),(461,'wyndham worldwide',466,37800,5599,0.011,611,-0.002,9819,8829),(462,'arthur j. gallagher',471,24790,5595,0.038,414,0.161,11490,10148),(463,'burlington stores',500,40000,5591,0.09,216,0.435,2575,6836),(464,'first american financial',497,19531,5576,0.077,343,0.191,8832,4332),(465,'symantec',400,11000,5568,-0.144,2488,1.834,11767,18986),(466,'patterson',559,7000,5555,0.27,187,-0.162,3521,4393),(467,'olin',761,6400,5551,0.945,-4,NULL,8763,5444),(468,'netapp',422,12030,5546,-0.094,229,-0.591,10037,11339),(469,'raymond james financial',482,11900,5520,0.04,529,0.054,31594,10958),(470,'travelcenters of america',439,20259,5511,-0.058,-2,-1.073,1660,241),(471,'fiserv',492,23000,5505,0.048,930,0.306,9743,24741),(472,'host hotels & resorts',472,220000,5488,0.019,762,0.366,11408,13794),(473,'insight enterprises',474,5930,5486,0.021,85,0.117,2219,1458),(474,'mattel',450,32000,5457,-0.043,318,-0.139,6494,8770),(475,'amtrust financial services',531,8000,5451,0.181,411,-0.088,22615,3158),(476,'cincinnati financial',499,4754,5449,0.06,591,-0.068,20386,11911),(477,'simon property group',488,4050,5435,0.032,1839,0.006,31104,53732),(478,'western union',468,10700,5423,-0.011,253,-0.698,9420,9691),(479,'keycorp',540,15700,5422,0.194,791,-0.136,136453,19238),(480,'delek us holdings',445,1326,5414,-0.06,-154,-8.923,2985,1504),(481,'booz allen hamilton holding',487,22600,5406,0.025,294,0.265,3010,5307),(482,'chemours',NULL,7000,5400,NULL,7,NULL,6060,7080),(483,'western & southern financial group',479,2178,5398,0.008,241,-0.472,43831,NULL),(485,'windstream holdings',443,11870,5387,-0.066,-384,NULL,11770,1038),(486,'seaboard',460,11781,5379,-0.038,312,0.825,4755,4881),(487,'essendant',477,6600,5369,0.001,64,NULL,2164,568),(488,'apache',388,3727,5354,-0.195,-1405,NULL,22519,19547),(489,'airgas',484,17000,5314,0.002,338,-0.083,6135,NULL),(490,'kelly services',467,7500,5277,-0.044,121,1.245,2028,836),(491,'liberty media',525,3626,5276,0.1,680,9.625,31377,13055),(492,'rockwell collins',490,19000,5259,-0.001,728,0.061,7707,12711),(493,'robert half international',503,16400,5250,0.031,343,-0.04,1778,6240),(494,'ch2m hill',478,20000,5236,-0.023,15,-0.813,2671,NULL),(495,'big lots',495,23150,5200,0.002,153,0.07,1608,2180),(496,'michaels cos.',517,31000,5197,0.058,378,0.042,2148,4229),(497,'toll brothers',576,4200,5170,0.239,382,0.052,9737,5872),(498,'yahoo',513,8500,5169,0.04,-214,NULL,48083,44391),(499,'vistra energy',NULL,4431,5164,NULL,NULL,NULL,15167,6968),(500,'abm industries',485,110000,5145,-0.028,57,-0.25,2281,2428);
/*!40000 ALTER TABLE `f500_cleaned` ENABLE KEYS */;
UNLOCK TABLES;

--
-- Table structure for table `f500_hq_cleaned`
--

DROP TABLE IF EXISTS `f500_hq_cleaned`;
/*!40101 SET @saved_cs_client     = @@character_set_client */;
/*!50503 SET character_set_client = utf8mb4 */;
CREATE TABLE `f500_hq_cleaned` (
  `name` text,
  `city` text,
  `state` text
) ENGINE=InnoDB DEFAULT CHARSET=utf8mb3;
/*!40101 SET character_set_client = @saved_cs_client */;

--
-- Dumping data for table `f500_hq_cleaned`
--

LOCK TABLES `f500_hq_cleaned` WRITE;
/*!40000 ALTER TABLE `f500_hq_cleaned` DISABLE KEYS */;
INSERT INTO `f500_hq_cleaned` VALUES ('albertsons cos.','boise','id'),('micron technology','boise','id'),('laboratory corp. of america','burlington','nc'),('lam research','fremont','ca'),('synnex','fremont','ca'),('ross stores','dublin','ca'),('clorox','oakland','ca'),('dick\'s sporting goods','coraopolis','pa'),('united states steel','pittsburgh','pa'),('wesco international','pittsburgh','pa'),('pnc financial services group','pittsburgh','pa'),('ppg industries','pittsburgh','pa'),('steel dynamics','fort wayne','in'),('newmont mining','greenwood village','co'),('arrow electronics','centennial','co'),('ch2m hill','englewood','co'),('dish network','englewood','co'),('liberty interactive','englewood','co'),('liberty media','englewood','co'),('western union','englewood','co'),('aes','arlington','va'),('calatlantic group','arlington','va'),('cummins','columbus','in'),('walmart','bentonville','ar'),('j.b. hunt transport services','lowell','ar'),('sealed air','elmwood park','nj'),('becton dickinson','franklin lakes','nj'),('ascena retail group','mahwah','nj'),('cognizant technology solutions','teaneck','nj'),('whirlpool','benton harbor','mi'),('iheartmedia','san antonio','tx'),('cst brands','san antonio','tx'),('valero energy','san antonio','tx'),('andeavor','san antonio','tx'),('usaa','san antonio','tx'),('harris','melbourne','fl'),('ball','broomfield','co'),('level 3 communications','broomfield','co'),('autonation','fort lauderdale','fl'),('burlington stores','burlington','nj'),('cincinnati financial','fairfield','oh'),('ak steel holding','west chester','oh'),('kellogg','battle creek','mi'),('campbell soup','camden','nj'),('dollar tree','chesapeake','va'),('genesis healthcare','kennett square','pa'),('las vegas sands','las vegas','nv'),('mgm resorts international','las vegas','nv'),('genuine parts','atlanta','ga'),('hd supply holdings','atlanta','ga'),('home depot','atlanta','ga'),('alliance data systems','plano','tx'),('dr pepper snapple group','plano','tx'),('j.c. penney','plano','tx'),('yum china holdings','plano','tx'),('chevron','san ramon','ca'),('us foods holding','rosemont','il'),('anixter international','glenview','il'),('illinois tool works','glenview','il'),('allstate','northbrook','il'),('kraft heinz','chicago','il'),('ingredion','westchester','il'),('sears holdings','hoffman estates','il'),('motorola solutions','chicago','il'),('jones lang lasalle','chicago','il'),('old republic international','chicago','il'),('exelon','chicago','il'),('boeing','chicago','il'),('r.r. donnelley & sons','chicago','il'),('united continental holdings','chicago','il'),('lkq','chicago','il'),('rite aid','camp hill','pa'),('keycorp','cleveland','oh'),('sherwin-williams','cleveland','oh'),('parker-hannifin','cleveland','oh'),('progressive','mayfield village','oh'),('travelcenters of america','westlake','oh'),('chs','inver grove height','mn'),('patterson','saint paul','mn'),('kimberly-clark','irving','tx'),('celanese','irving','tx'),('exxon mobil','irving','tx'),('fluor','irving','tx'),('vistra energy','irving','tx'),('michaels cos.','irving','tx'),('builders firstsource','dallas','tx'),('hollyfrontier','dallas','tx'),('at&t','dallas','tx'),('tenet healthcare','dallas','tx'),('dean foods','dallas','tx'),('energy transfer equity','dallas','tx'),('southwest airlines','dallas','tx'),('texas instruments','dallas','tx'),('american family insurance group','madison','wi'),('hershey','hershey','pa'),('dollar general','goodlettsville','tn'),('hca holdings','nashville','tn'),('airgas','radnor','pa'),('amerisourcebergen','chesterbrook','pa'),('lincoln national','radnor','pa'),('davita healthcare partners','denver','co'),('fannie mae','washington','dc'),('danaher','washington','dc'),('conagra foods','omaha','ne'),('berkshire hathaway','omaha','ne'),('union pacific','omaha','ne'),('arthur j. gallagher','itasca','il'),('univar','downers grove','il'),('dover','downers grove','il'),('mcdonald\'s','oak brook','il'),('treehouse foods','oak brook','il'),('navistar international','lisle','il'),('quintiles transnational holdings','durham','nc'),('csx','jacksonville','fl'),('fidelity national financial','jacksonville','fl'),('fidelity national information services','jacksonville','fl'),('auto-owners insurance','lansing','mi'),('western refining','el paso','tx'),('m&t bank corp.','buffalo','ny'),('erie insurance group','erie','pa'),('adp','roseland','nj'),('prudential financial','newark','nj'),('public service enterprise group','newark','nj'),('nvr','reston','va'),('leidos holdings','reston','va'),('computer sciences corporation','mclean','va'),('general dynamics','falls church','va'),('northrop grumman','falls church','va'),('adobe systems','mclean','va'),('booz allen hamilton holding','mclean','va'),('capital one financial','mclean','va'),('freddie mac','mclean','va'),('hilton worldwide holdings','mclean','va'),('praxair','danbury','ct'),('general electric','fairfield','ct'),('w.r. berkley','greenwich','ct'),('xpo logistics','greenwich','ct'),('xerox','norwalk','ct'),('emcor group','norwalk','ct'),('frontier communications','norwalk','ct'),('priceline group','norwalk','ct'),('terex','westport','ct'),('charter communications','stamford','ct'),('harman international industries','stamford','ct'),('synchrony financial','stamford','ct'),('united rentals','stamford','ct'),('bb&t corp.','winston-salem','nc'),('reynolds american','winston-salem','nc'),('hanesbrands','winston-salem','nc'),('big lots','columbus','oh'),('cardinal health','dublin','oh'),('american electric power','columbus','oh'),('nationwide','columbus','oh'),('l brands','columbus','oh'),('veritiv','atlanta','ga'),('asbury automotive group','duluth','ga'),('southern','atlanta','ga'),('suntrust banks','atlanta','ga'),('coca-cola','atlanta','ga'),('intercontinental exchange','atlanta','ga'),('newell brands','hoboken','nj'),('ups','atlanta','ga'),('first data','atlanta','ga'),('delta air lines','atlanta','ga'),('carmax','richmond','va'),('mohawk industries','calhoun','ga'),('o\'reilly automotive','springfield','mo'),('vf','greensboro','nc'),('westrock','norcross','ga'),('agco','duluth','ga'),('ncr','atlanta','ga'),('unum group','chattanooga','tn'),('american financial group','cincinnati','oh'),('kroger','cincinnati','oh'),('macy\'s','cincinnati','oh'),('western & southern financial group','cincinnati','oh'),('fifth third bancorp','cincinnati','oh'),('eversource energy','springfield','ma'),('massachusetts mutual life insurance','springfield','ma'),('marathon petroleum','findlay','oh'),('owens & minor','mechanicsville','va'),('calpine','houston','tx'),('centerpoint energy','houston','tx'),('enterprise products partners','houston','tx'),('eog resources','houston','tx'),('kinder morgan','houston','tx'),('pacific life','newport beach','ca'),('plains gp holdings','houston','tx'),('targa resources','houston','tx'),('waste management','houston','tx'),('baker hughes','houston','tx'),('group 1 automotive','houston','tx'),('halliburton','houston','tx'),('national oilwell varco','houston','tx'),('phillips 66','houston','tx'),('apache','houston','tx'),('quanta services','houston','tx'),('sysco','houston','tx'),('conocophillips','houston','tx'),('cigna','bloomfield','ct'),('stanley black & decker','new britain','ct'),('united technologies','farmington','ct'),('hartford financial services group','hartford','ct'),('aetna','hartford','ct'),('unitedhealth group','minnetonka','mn'),('supervalu','eden prairie','mn'),('c.h. robinson worldwide','eden prairie','mn'),('xcel energy','minneapolis','mn'),('u.s. bancorp','minneapolis','mn'),('target','minneapolis','mn'),('thrivent financial for lutherans','minneapolis','mn'),('best buy','richfield','mn'),('general mills','minneapolis','mn'),('mosaic','plymouth','mn'),('markel','glen allen','va'),('performance food group','richmond','va'),('altria group','richmond','va'),('genworth financial','richmond','va'),('wellcare health plans','tampa','fl'),('merck','kenilworth','nj'),('lowe\'s','mooresville','nc'),('cms energy','jackson','mi'),('lithia motors','medford','or'),('regions financial','birmingham','al'),('humana','louisville','ky'),('kindred healthcare','louisville','ky'),('yum brands','louisville','ky'),('seaboard','shawnee mission','ks'),('stryker','kalamazoo','mi'),('weyerhaeuser','seattle','wa'),('expedia','bellevue','wa'),('paccar','bellevue','wa'),('costco','issaquah','wa'),('microsoft','redmond','wa'),('nordstrom','seattle','wa'),('expeditors international of washington','seattle','wa'),('amazon.com','seattle','wa'),('starbucks','seattle','wa'),('alaska air group','seattle','wa'),('abm industries','new york','ny'),('zimmer biomet holdings','warsaw','in'),('hormel foods','austin','mn'),('baxter international','deerfield','il'),('discover financial services','riverwoods','il'),('essendant','deerfield','il'),('mondelez international','deerfield','il'),('walgreens boots alliance','deerfield','il'),('packaging corp. of america','lake forest','il'),('tenneco','lake forest','il'),('w.w. grainger','lake forest','il'),('cdw','vernon hills','il'),('hertz global holdings','estero','fl'),('ppl','allentown','pa'),('air products & chemicals','allentown','pa'),('rockwell collins','cedar rapids','ia'),('abbott laboratories','santa monica','ca'),('farmers insurance exchange','los angeles','ca'),('occidental petroleum','los angeles','ca'),('aecom','los angeles','ca'),('cbre group','los angeles','ca'),('reliance steel & aluminum','los angeles','ca'),('live nation entertainment','beverly hills','ca'),('mattel','el segundo','ca'),('activision blizzard','santa monica','ca'),('molina healthcare','long beach','ca'),('jacobs engineering group','dallas','tx'),('avery dennison','glendale','ca'),('disney','burbank','ca'),('edison international','rosemead','ca'),('dana holding','maumee','oh'),('owens corning','toledo','oh'),('archer daniels midland','decatur','il'),('freeport-mcmoran','phoenix','az'),('avnet','phoenix','az'),('republic services','phoenix','az'),('insight enterprises','tempe','az'),('simon property group','indianapolis','in'),('anthem','indianapolis','in'),('eli lilly','indianapolis','in'),('state farm insurance cos.','bloomington','il'),('duke energy','charlotte','nc'),('nucor','charlotte','nc'),('sonic automotive','charlotte','nc'),('bank of america corp.','charlotte','nc'),('nrg energy','princeton','nj'),('lennar','miami','fl'),('ryder system','miami','fl'),('world fuel services','miami','fl'),('tjx','framingham','ma'),('staples','framingham','ma'),('boston scientific','natick','ma'),('biogen','cambridge','ma'),('raytheon','waltham','ma'),('thermo fisher scientific','waltham','ma'),('global partners','waltham','ma'),('dow chemical','midland','mi'),('wec energy group','milwaukee','wi'),('northwestern mutual','milwaukee','wi'),('rockwell automation','milwaukee','wi'),('harley-davidson','milwaukee','wi'),('manpowergroup','milwaukee','wi'),('constellation brands','fairport','ny'),('toll brothers','horsham','pa'),('ugi','king of prussia','pa'),('universal health services','king of prussia','pa'),('host hotels & resorts','bethesda','md'),('lockheed martin','bethesda','md'),('marriott international','bethesda','md'),('discovery communications','silver spring','md'),('anadarko petroleum','the woodlands','tx'),('avis budget group','parsippany','nj'),('pbf energy','parsippany','nj'),('wyndham worldwide','parsippany','nj'),('quest diagnostics','secaucus','nj'),('realogy holdings','madison','nj'),('honeywell international','morris township','nj'),('aflac','columbus','ga'),('henry schein','melville','ny'),('dupont','wilmington','de'),('chemours','wilmington','de'),('amphenol','wallingford','ct'),('leucadia national','new york','ny'),('s&p global','new york','ny'),('consolidated edison','new york','ny'),('guardian life ins. co. of america','new york','ny'),('assurant','new york','ny'),('verizon communications','new york','ny'),('new york life insurance','new york','ny'),('l-3 communications','new york','ny'),('pvh','new york','ny'),('avon products','new york','ny'),('intl fcstone','new york','ny'),('j.p. morgan chase','new york','ny'),('pfizer','new york','ny'),('philip morris international','new york','ny'),('tiaa','new york','ny'),('travelers cos.','new york','ny'),('cbs','new york','ny'),('time warner','new york','ny'),('alcoa','new york','ny'),('citigroup','new york','ny'),('colgate-palmolive','new york','ny'),('hrg group','new york','ny'),('omnicom group','new york','ny'),('ralph lauren','new york','ny'),('alleghany','new york','ny'),('interpublic group','new york','ny'),('marsh & mclennan','new york','ny'),('morgan stanley','new york','ny'),('news corp.','new york','ny'),('twenty-first century fox','new york','ny'),('viacom','new york','ny'),('aig','new york','ny'),('amtrust financial services','new york','ny'),('blackrock','new york','ny'),('loews','new york','ny'),('foot locker','new york','ny'),('estee lauder','new york','ny'),('icahn enterprises','new york','ny'),('bristol-myers squibb','new york','ny'),('goldman sachs group','new york','ny'),('american express','new york','ny'),('bank of new york mellon corp.','new york','ny'),('huntington ingalls industries','newport news','va'),('norfolk southern','norfolk','va'),('lear','southfield','mi'),('kelly services','troy','mi'),('penske automotive group','bloomfield hills','mi'),('pultegroup','atlanta','ga'),('autoliv','auburn hills','mi'),('borgwarner','auburn hills','mi'),('devon energy','oklahoma city','ok'),('chesapeake energy','oklahoma city','ok'),('entergy','new orleans','la'),('first american financial','santa ana','ca'),('darden restaurants','orlando','fl'),('western digital','irvine','ca'),('centurylink','monroe','la'),('nextera energy','juno beach','fl'),('office depot','boca raton','fl'),('toys \"r\"\" us\"','wayne','nj'),('caterpillar','peoria','il'),('a-mark precious metals','philadelphia','pa'),('aramark','philadelphia','pa'),('crown holdings','philadelphia','pa'),('raymond james financial','saint petersburg','fl'),('jabil circuit','saint petersburg','fl'),('tech data','clearwater','fl'),('publix super markets','lakeland','fl'),('casey\'s general stores','ankeny','ia'),('principal financial','des moines','ia'),('cvs health','woonsocket','ri'),('citizens financial group','providence','ri'),('textron','providence','ri'),('united natural foods','providence','ri'),('dillard\'s','little rock','ar'),('windstream holdings','little rock','ar'),('jetblue airways','long island city','ny'),('fiserv','brookfield','wi'),('ecolab','saint paul','mn'),('st. jude medical','saint paul','mn'),('land o\'lakes','arden hills','mn'),('metlife','new york','ny'),('voya financial','new york','ny'),('dominion resources','richmond','va'),('advance auto parts','roanoke','va'),('deere','moline','il'),('reinsurance group of america','chesterfield','mo'),('centene','saint louis','mo'),('graybar electric','saint louis','mo'),('olin','clayton','mo'),('express scripts holding','saint louis','mo'),('jones financial','des peres','mo'),('emerson electric','saint louis','mo'),('monsanto','saint louis','mo'),('ameren','saint louis','mo'),('huntsman','salt lake city','ut'),('sempra energy','san diego','ca'),('qualcomm','san diego','ca'),('mckesson','san francisco','ca'),('charles schwab','san francisco','ca'),('gap','san francisco','ca'),('pg&e corp.','san francisco','ca'),('salesforce.com','san francisco','ca'),('wells fargo','san francisco','ca'),('facebook','menlo park','ca'),('robert half international','menlo park','ca'),('oracle','redwood city','ca'),('core-mark holding','south san francisco','ca'),('franklin resources','san mateo','ca'),('gilead sciences','foster city','ca'),('visa','foster city','ca'),('paypal holdings','san jose','ca'),('alphabet','mountain view','ca'),('symantec','mountain view','ca'),('netapp','sunnyvale','ca'),('yahoo','sunnyvale','ca'),('hewlett packard enterprise','palo alto','ca'),('hp','palo alto','ca'),('tesla','palo alto','ca'),('apple','cupertino','ca'),('netflix','los gatos','ca'),('sanmina','milpitas','ca'),('nvidia','santa clara','ca'),('applied materials','santa clara','ca'),('intel','santa clara','ca'),('ebay','san jose','ca'),('cisco systems','san jose','ca'),('spirit aerosystems holdings','wichita','ks'),('autozone','memphis','tn'),('fedex','memphis','tn'),('international paper','memphis','tn'),('corning','corning','ny'),('state street corp.','boston','ma'),('american tower','boston','ma'),('liberty mutual insurance group','boston','ma'),('eastman chemical','kingsport','tn'),('firstenergy','akron','oh'),('goodyear tire & rubber','akron','oh'),('gamestop','grapevine','tx'),('d.r. horton','fort worth','tx'),('american airlines group','fort worth','tx'),('arconic','austin','tx'),('whole foods market','austin','tx'),('oneok','tulsa','ok'),('ngl energy partners','tulsa','ok'),('williams','tulsa','ok'),('bed bath & beyond','union','nj'),('celgene','summit','nj'),('murphy usa','el dorado','ar'),('berry global group','evansville','in'),('amgen','thousand oaks','ca'),('tyson foods','springdale','ar'),('nike','beaverton','or'),('j.m. smucker','orrville','oh'),('ford motor','dearborn','mi'),('masco','taylor','mi'),('dte energy','detroit','mi'),('ally financial','detroit','mi'),('general motors','detroit','mi'),('ibm','armonk','ny'),('mastercard','purchase','ny'),('pepsico','purchase','ny'),('delek us holdings','brentwood','tn'),('lifepoint health','brentwood','tn'),('tractor supply','brentwood','tn'),('community health systems','franklin','tn'),('dell technologies','round rock','tx'),('oshkosh','oshkosh','wi'),('owens-illinois','perrysburg','oh'),('spartannash','byron center','mi'),('kohl\'s','menomonee falls','wi'),('johnson & johnson','new brunswick','nj'),('peter kiewit sons\'','omaha','ne'),('mutual of omaha insurance','omaha','ne'),('abbvie','north chicago','il'),('comcast','philadelphia','pa'),('procter & gamble','cincinnati','oh'),('ameriprise financial','minneapolis','mn'),('3m','maplewood','mn');
/*!40000 ALTER TABLE `f500_hq_cleaned` ENABLE KEYS */;
UNLOCK TABLES;

--
-- Table structure for table `sector`
--

DROP TABLE IF EXISTS `sector`;
/*!40101 SET @saved_cs_client     = @@character_set_client */;
/*!50503 SET character_set_client = utf8mb4 */;
CREATE TABLE `sector` (
  `s_id` int NOT NULL AUTO_INCREMENT,
  `s_name` varchar(45) NOT NULL,
  PRIMARY KEY (`s_id`)
) ENGINE=InnoDB AUTO_INCREMENT=16 DEFAULT CHARSET=utf8mb3;
/*!40101 SET character_set_client = @saved_cs_client */;

--
-- Dumping data for table `sector`
--

LOCK TABLES `sector` WRITE;
/*!40000 ALTER TABLE `sector` DISABLE KEYS */;
INSERT INTO `sector` VALUES (1,'consumer electronics'),(2,'software infrastructure'),(3,'software application'),(4,'semiconductors'),(5,'communication equipments'),(6,'it services'),(7,'computer hardware'),(8,'electronic components');
/*!40000 ALTER TABLE `sector` ENABLE KEYS */;
UNLOCK TABLES;

--
-- Table structure for table `state`
--

DROP TABLE IF EXISTS `state`;
/*!40101 SET @saved_cs_client     = @@character_set_client */;
/*!50503 SET character_set_client = utf8mb4 */;
CREATE TABLE `state` (
  `state_id` int NOT NULL AUTO_INCREMENT,
  `state_name` varchar(45) NOT NULL,
  PRIMARY KEY (`state_id`)
) ENGINE=InnoDB AUTO_INCREMENT=64 DEFAULT CHARSET=utf8mb3;
/*!40101 SET character_set_client = @saved_cs_client */;

--
-- Dumping data for table `state`
--

LOCK TABLES `state` WRITE;
/*!40000 ALTER TABLE `state` DISABLE KEYS */;
INSERT INTO `state` VALUES (1,' oh'),(2,' wa'),(3,' nc'),(4,' co'),(5,' ca'),(6,' tx'),(7,' ga'),(8,' md'),(9,' nv'),(10,' az'),(11,' ut'),(12,' va'),(13,' ky'),(14,' or'),(15,' ks'),(16,' ma'),(17,' fl'),(18,' al'),(19,' ny'),(20,' dc'),(21,' pa'),(22,' ia'),(23,' ne'),(24,' mn'),(25,' il'),(26,' tn'),(27,' ok'),(28,' mi'),(29,' nj'),(30,' wi'),(31,' in'),(32,' sc'),(33,' mo'),(34,' ar'),(35,' id'),(36,' nm'),(37,' hi');
/*!40000 ALTER TABLE `state` ENABLE KEYS */;
UNLOCK TABLES;

--
-- Table structure for table `top_50_cleaned`
--

DROP TABLE IF EXISTS `top_50_cleaned`;
/*!40101 SET @saved_cs_client     = @@character_set_client */;
/*!50503 SET character_set_client = utf8mb4 */;
CREATE TABLE `top_50_cleaned` (
  `name` text,
  `year` int DEFAULT NULL,
  `sector` text,
  `hq_state` text
) ENGINE=InnoDB DEFAULT CHARSET=utf8mb3;
/*!40101 SET character_set_client = @saved_cs_client */;

--
-- Dumping data for table `top_50_cleaned`
--

LOCK TABLES `top_50_cleaned` WRITE;
/*!40000 ALTER TABLE `top_50_cleaned` DISABLE KEYS */;
INSERT INTO `top_50_cleaned` VALUES ('apple',1976,'consumer electronics','CA'),('microsoft',1975,'software infrastructure','WA'),('alphabet',1998,'software infrastructure','CA'),('amazon.com',1994,'software application','WA'),('nvidia',1993,'semiconductors','CA'),('tesla',2003,'software infrastructure','TX'),('facebook',2004,'software infrastructure','CA'),('broadcom inc.',1961,'semiconductors','CA'),('oracle',1977,'software infrastructure','TX'),('cisco systems',1984,'communication equipments','CA'),('salesforce.com',1999,'software application','CA'),('adobe systems',1982,'software infrastructure','CA'),('texas instruments',1930,'semiconductors','TX'),('advanced micro devices (amd) inc.',1969,'semiconductors','CA'),('qualcomm',1985,'semiconductors','CA'),('netflix',1997,'software application','CA'),('intel',1968,'semiconductors','CA'),('intuit inc.',1983,'software application','CA'),('ibm',1911,'it services','NY'),('applied materials',1967,'semiconductors','CA'),('booking holdings',1996,'software application','CT'),('analog devices inc.',1965,'semiconductors','MA'),('servicenow inc.',2004,'software application','NJ'),('automatic data processing',1949,'software application','CA'),('paypal holdings',1998,'software infrastructure','CA'),('airbnb',2008,'software application','CA'),('fiserv inc.',1984,'it services','WI'),('lam research',1980,'semiconductors','CA'),('uber technologies inc.',2009,'software application','CA'),('micron technology',1978,'semiconductors','ID'),('equinix',1998,'it services','CA'),('activision blizzard',2008,'software application','CA'),('palo alto networks inc.',2005,'software infrastructure','CA'),('synopsys inc.',1986,'software infrastructure','CA'),('cadence design systems inc.',1988,'software application','CA'),('kla corporation',1997,'semiconductors','CA'),('arista networks inc.',2004,'computer hardware','CA'),('vmware',1998,'software infrastructure','CA'),('workday inc.',2005,'software application','CA'),('fortinet inc.',2000,'software infrastructure','CA'),('block inc.',2009,'software infrastructure','CA'),('snowflake inc.',2012,'software application','MT'),('roper technologies',1890,'electronic components','FL'),('microchip technology inc.',1989,'semiconductors','AR'),('autodesk inc.',1982,'software application','CA'),('globalfoundries',2009,'semiconductors','NY'),('iqvia holdings',1982,'software application','NC'),('marvell technology inc.',1995,'semiconductors','CA'),('dell technologies',1984,'computer hardware','TX'),('hp',1939,'computer hardware','CA');
/*!40000 ALTER TABLE `top_50_cleaned` ENABLE KEYS */;
UNLOCK TABLES;
/*!40103 SET TIME_ZONE=@OLD_TIME_ZONE */;

/*!40101 SET SQL_MODE=@OLD_SQL_MODE */;
/*!40014 SET FOREIGN_KEY_CHECKS=@OLD_FOREIGN_KEY_CHECKS */;
/*!40014 SET UNIQUE_CHECKS=@OLD_UNIQUE_CHECKS */;
/*!40101 SET CHARACTER_SET_CLIENT=@OLD_CHARACTER_SET_CLIENT */;
/*!40101 SET CHARACTER_SET_RESULTS=@OLD_CHARACTER_SET_RESULTS */;
/*!40101 SET COLLATION_CONNECTION=@OLD_COLLATION_CONNECTION */;
/*!40111 SET SQL_NOTES=@OLD_SQL_NOTES */;

-- Dump completed on 2023-08-20 22:56:05
